sample_id,run_id,cycle_id,tooth_type,cutting_edge,force_file,vib_file,image_file,image_rel,wear_value,wear_level,vb_half_ap,wear_area,has_force,has_vib,has_image,is_complete_multimodal,image_dir_count,remark
cycle_01_side_1,cycle_01,1,side,1,D:\my\Future\QIT-CEMC Dataset\Force and torque data\01-26-1.txt,D:\my\Future\QIT-CEMC Dataset\Vibration and sound data\01-26-01.csv,D:\my\Future\QIT-CEMC Dataset\Image\01\side-1.png,01/side-1.png,0.0454,0,0.0188,0.011799999999999998,True,True,True,True,8,
cycle_01_side_2,cycle_01,1,side,2,D:\my\Future\QIT-CEMC Dataset\Force and torque data\01-26-1.txt,D:\my\Future\QIT-CEMC Dataset\Vibration and sound data\01-26-01.csv,D:\my\Future\QIT-CEMC Dataset\Image\01\side-2.png,01/side-2.png,0.0239,0,0.0186,0.0201,True,True,True,True,8,
cycle_01_side_3,cycle_01,1,side,3,D:\my\Future\QIT-CEMC Dataset\Force and torque data\01-26-1.txt,D:\my\Future\QIT-CEMC Dataset\Vibration and sound data\01-26-01.csv,D:\my\Future\QIT-CEMC Dataset\Image\01\side-3.png,01/side-3.png,0.0481,0,0.0418,0.005400000000000002,True,True,True,True,8,
cycle_01_side_4,cycle_01,1,side,4,D:\my\Future\QIT-CEMC Dataset\Force and torque data\01-26-1.txt,D:\my\Future\QIT-CEMC Dataset\Vibration and sound data\01-26-01.csv,D:\my\Future\QIT-CEMC Dataset\Image\01\side-4.png,01/side-4.png,0.0418,0,0.0379,0.013199999999999996,True,True,True,True,8,
cycle_02_side_1,cycle_02,2,side,1,D:\my\Future\QIT-CEMC Dataset\Force and torque data\01-26-2.txt,,D:\my\Future\QIT-CEMC Dataset\Image\02\side-1.png,02/side-1.png,0.0955,0,0.0909,0.017300000000000003,True,False,True,False,8,
cycle_02_side_2,cycle_02,2,side,2,D:\my\Future\QIT-CEMC Dataset\Force and torque data\01-26-2.txt,,D:\my\Future\QIT-CEMC Dataset\Image\02\side-2.png,02/side-2.png,0.0907,0,0.0897,0.024,True,False,True,False,8,
cycle_02_side_3,cycle_02,2,side,3,D:\my\Future\QIT-CEMC Dataset\Force and torque data\01-26-2.txt,,D:\my\Future\QIT-CEMC Dataset\Image\02\side-3.png,02/side-3.png,0.0896,0,0.0659,0.0308,True,False,True,False,8,
cycle_02_side_4,cycle_02,2,side,4,D:\my\Future\QIT-CEMC Dataset\Force and torque data\01-26-2.txt,,D:\my\Future\QIT-CEMC Dataset\Image\02\side-4.png,02/side-4.png,0.0897,0,0.0716,0.039,True,False,True,False,8,
cycle_03_side_1,cycle_03,3,side,1,D:\my\Future\QIT-CEMC Dataset\Force and torque data\01-26-3.txt,D:\my\Future\QIT-CEMC Dataset\Vibration and sound data\01-26-03.csv,D:\my\Future\QIT-CEMC Dataset\Image\03\side-1.png,03/side-1.png,0.1041,1,0.1076,0.0376,True,True,True,True,8,
cycle_03_side_2,cycle_03,3,side,2,D:\my\Future\QIT-CEMC Dataset\Force and torque data\01-26-3.txt,D:\my\Future\QIT-CEMC Dataset\Vibration and sound data\01-26-03.csv,D:\my\Future\QIT-CEMC Dataset\Image\03\side-2.png,03/side-2.png,0.0997,0,0.0957,0.0264,True,True,True,True,8,
cycle_03_side_3,cycle_03,3,side,3,D:\my\Future\QIT-CEMC Dataset\Force and torque data\01-26-3.txt,D:\my\Future\QIT-CEMC Dataset\Vibration and sound data\01-26-03.csv,D:\my\Future\QIT-CEMC Dataset\Image\03\side-3.png,03/side-3.png,0.0985,0,0.0955,0.03880000000000001,True,True,True,True,8,
cycle_03_side_4,cycle_03,3,side,4,D:\my\Future\QIT-CEMC Dataset\Force and torque data\01-26-3.txt,D:\my\Future\QIT-CEMC Dataset\Vibration and sound data\01-26-03.csv,D:\my\Future\QIT-CEMC Dataset\Image\03\side-4.png,03/side-4.png,0.0957,0,0.0957,0.0658,True,True,True,True,8,
cycle_04_side_1,cycle_04,4,side,1,D:\my\Future\QIT-CEMC Dataset\Force and torque data\01-26-4.txt,D:\my\Future\QIT-CEMC Dataset\Vibration and sound data\01-26-04.csv,D:\my\Future\QIT-CEMC Dataset\Image\04\side-1.png,04/side-1.png,0.1105,1,0.1015,0.039299999999999995,True,True,True,True,8,
cycle_04_side_2,cycle_04,4,side,2,D:\my\Future\QIT-CEMC Dataset\Force and torque data\01-26-4.txt,D:\my\Future\QIT-CEMC Dataset\Vibration and sound data\01-26-04.csv,D:\my\Future\QIT-CEMC Dataset\Image\04\side-2.png,04/side-2.png,0.1032,1,0.0971,0.0351,True,True,True,True,8,
cycle_04_side_3,cycle_04,4,side,3,D:\my\Future\QIT-CEMC Dataset\Force and torque data\01-26-4.txt,D:\my\Future\QIT-CEMC Dataset\Vibration and sound data\01-26-04.csv,D:\my\Future\QIT-CEMC Dataset\Image\04\side-3.png,04/side-3.png,0.1194,1,0.1045,0.04710000000000001,True,True,True,True,8,
cycle_04_side_4,cycle_04,4,side,4,D:\my\Future\QIT-CEMC Dataset\Force and torque data\01-26-4.txt,D:\my\Future\QIT-CEMC Dataset\Vibration and sound data\01-26-04.csv,D:\my\Future\QIT-CEMC Dataset\Image\04\side-4.png,04/side-4.png,0.1074,1,0.1015,0.0691,True,True,True,True,8,
cycle_05_side_1,cycle_05,5,side,1,D:\my\Future\QIT-CEMC Dataset\Force and torque data\01-27-1.txt,D:\my\Future\QIT-CEMC Dataset\Vibration and sound data\01-27-01.csv,D:\my\Future\QIT-CEMC Dataset\Image\05\side-1.png,05/side-1.png,0.1174,1,0.1076,0.0425,True,True,True,True,8,
cycle_05_side_2,cycle_05,5,side,2,D:\my\Future\QIT-CEMC Dataset\Force and torque data\01-27-1.txt,D:\my\Future\QIT-CEMC Dataset\Vibration and sound data\01-27-01.csv,D:\my\Future\QIT-CEMC Dataset\Image\05\side-2.png,05/side-2.png,0.1044,1,0.1015,0.0481,True,True,True,True,8,
cycle_05_side_3,cycle_05,5,side,3,D:\my\Future\QIT-CEMC Dataset\Force and torque data\01-27-1.txt,D:\my\Future\QIT-CEMC Dataset\Vibration and sound data\01-27-01.csv,D:\my\Future\QIT-CEMC Dataset\Image\05\side-3.png,05/side-3.png,0.1234,1,0.1076,0.0574,True,True,True,True,8,
cycle_05_side_4,cycle_05,5,side,4,D:\my\Future\QIT-CEMC Dataset\Force and torque data\01-27-1.txt,D:\my\Future\QIT-CEMC Dataset\Vibration and sound data\01-27-01.csv,D:\my\Future\QIT-CEMC Dataset\Image\05\side-4.png,05/side-4.png,0.1094,1,0.1081,0.0695,True,True,True,True,8,
cycle_06_side_1,cycle_06,6,side,1,D:\my\Future\QIT-CEMC Dataset\Force and torque data\01-27-2.txt,D:\my\Future\QIT-CEMC Dataset\Vibration and sound data\01-27-02.csv,D:\my\Future\QIT-CEMC Dataset\Image\06\side-1.png,06/side-1.png,0.1195,1,0.1089,0.04889999999999999,True,True,True,True,8,
cycle_06_side_2,cycle_06,6,side,2,D:\my\Future\QIT-CEMC Dataset\Force and torque data\01-27-2.txt,D:\my\Future\QIT-CEMC Dataset\Vibration and sound data\01-27-02.csv,D:\my\Future\QIT-CEMC Dataset\Image\06\side-2.png,06/side-2.png,0.1096,1,0.1081,0.0551,True,True,True,True,8,
cycle_06_side_3,cycle_06,6,side,3,D:\my\Future\QIT-CEMC Dataset\Force and torque data\01-27-2.txt,D:\my\Future\QIT-CEMC Dataset\Vibration and sound data\01-27-02.csv,D:\my\Future\QIT-CEMC Dataset\Image\06\side-3.png,06/side-3.png,0.1325,1,0.1136,0.06470000000000001,True,True,True,True,8,
cycle_06_side_4,cycle_06,6,side,4,D:\my\Future\QIT-CEMC Dataset\Force and torque data\01-27-2.txt,D:\my\Future\QIT-CEMC Dataset\Vibration and sound data\01-27-02.csv,D:\my\Future\QIT-CEMC Dataset\Image\06\side-4.png,06/side-4.png,0.114,1,0.1135,0.07419999999999999,True,True,True,True,8,
cycle_07_side_1,cycle_07,7,side,1,D:\my\Future\QIT-CEMC Dataset\Force and torque data\01-27-3.txt,D:\my\Future\QIT-CEMC Dataset\Vibration and sound data\01-27-03.csv,D:\my\Future\QIT-CEMC Dataset\Image\07\side-1.png,07/side-1.png,0.1198,1,0.1134,0.060599999999999994,True,True,True,True,8,
cycle_07_side_2,cycle_07,7,side,2,D:\my\Future\QIT-CEMC Dataset\Force and torque data\01-27-3.txt,D:\my\Future\QIT-CEMC Dataset\Vibration and sound data\01-27-03.csv,D:\my\Future\QIT-CEMC Dataset\Image\07\side-2.png,07/side-2.png,0.1138,1,0.1136,0.0585,True,True,True,True,8,
cycle_07_side_3,cycle_07,7,side,3,D:\my\Future\QIT-CEMC Dataset\Force and torque data\01-27-3.txt,D:\my\Future\QIT-CEMC Dataset\Vibration and sound data\01-27-03.csv,D:\my\Future\QIT-CEMC Dataset\Image\07\side-3.png,07/side-3.png,0.1373,1,0.1195,0.0706,True,True,True,True,8,
cycle_07_side_4,cycle_07,7,side,4,D:\my\Future\QIT-CEMC Dataset\Force and torque data\01-27-3.txt,D:\my\Future\QIT-CEMC Dataset\Vibration and sound data\01-27-03.csv,D:\my\Future\QIT-CEMC Dataset\Image\07\side-4.png,07/side-4.png,0.1293,1,0.1194,0.0766,True,True,True,True,8,
cycle_08_side_1,cycle_08,8,side,1,D:\my\Future\QIT-CEMC Dataset\Force and torque data\01-28-1.txt,D:\my\Future\QIT-CEMC Dataset\Vibration and sound data\01-28-01.csv,D:\my\Future\QIT-CEMC Dataset\Image\08\side-1.png,08/side-1.png,0.1253,1,0.1194,0.06259999999999999,True,True,True,True,8,
cycle_08_side_2,cycle_08,8,side,2,D:\my\Future\QIT-CEMC Dataset\Force and torque data\01-28-1.txt,D:\my\Future\QIT-CEMC Dataset\Vibration and sound data\01-28-01.csv,D:\my\Future\QIT-CEMC Dataset\Image\08\side-2.png,08/side-2.png,0.1203,1,0.1194,0.06539999999999999,True,True,True,True,8,
cycle_08_side_3,cycle_08,8,side,3,D:\my\Future\QIT-CEMC Dataset\Force and torque data\01-28-1.txt,D:\my\Future\QIT-CEMC Dataset\Vibration and sound data\01-28-01.csv,D:\my\Future\QIT-CEMC Dataset\Image\08\side-3.png,08/side-3.png,0.1432,1,0.1253,0.07919999999999999,True,True,True,True,8,
cycle_08_side_4,cycle_08,8,side,4,D:\my\Future\QIT-CEMC Dataset\Force and torque data\01-28-1.txt,D:\my\Future\QIT-CEMC Dataset\Vibration and sound data\01-28-01.csv,D:\my\Future\QIT-CEMC Dataset\Image\08\side-4.png,08/side-4.png,0.1373,1,0.1253,0.08079999999999998,True,True,True,True,8,
cycle_09_side_1,cycle_09,9,side,1,D:\my\Future\QIT-CEMC Dataset\Force and torque data\01-28-2.txt,D:\my\Future\QIT-CEMC Dataset\Vibration and sound data\01-28-02.csv,D:\my\Future\QIT-CEMC Dataset\Image\09\side-1.png,09/side-1.png,0.1259,1,0.1255,0.0675,True,True,True,True,8,
cycle_09_side_2,cycle_09,9,side,2,D:\my\Future\QIT-CEMC Dataset\Force and torque data\01-28-2.txt,D:\my\Future\QIT-CEMC Dataset\Vibration and sound data\01-28-02.csv,D:\my\Future\QIT-CEMC Dataset\Image\09\side-2.png,09/side-2.png,0.1268,1,0.1253,0.0789,True,True,True,True,8,
cycle_09_side_3,cycle_09,9,side,3,D:\my\Future\QIT-CEMC Dataset\Force and torque data\01-28-2.txt,D:\my\Future\QIT-CEMC Dataset\Vibration and sound data\01-28-02.csv,D:\my\Future\QIT-CEMC Dataset\Image\09\side-3.png,09/side-3.png,0.1492,1,0.1255,0.0867,True,True,True,True,8,
cycle_09_side_4,cycle_09,9,side,4,D:\my\Future\QIT-CEMC Dataset\Force and torque data\01-28-2.txt,D:\my\Future\QIT-CEMC Dataset\Vibration and sound data\01-28-02.csv,D:\my\Future\QIT-CEMC Dataset\Image\09\side-4.png,09/side-4.png,0.1379,1,0.1314,0.08179999999999998,True,True,True,True,8,
cycle_10_side_1,cycle_10,10,side,1,D:\my\Future\QIT-CEMC Dataset\Force and torque data\01-28-3.txt,D:\my\Future\QIT-CEMC Dataset\Vibration and sound data\01-28-03.csv,D:\my\Future\QIT-CEMC Dataset\Image\10\side-1.png,10/side-1.png,0.1374,1,0.1314,0.07549999999999998,True,True,True,True,8,
cycle_10_side_2,cycle_10,10,side,2,D:\my\Future\QIT-CEMC Dataset\Force and torque data\01-28-3.txt,D:\my\Future\QIT-CEMC Dataset\Vibration and sound data\01-28-03.csv,D:\my\Future\QIT-CEMC Dataset\Image\10\side-2.png,10/side-2.png,0.1374,1,0.1314,0.0829,True,True,True,True,8,
cycle_10_side_3,cycle_10,10,side,3,D:\my\Future\QIT-CEMC Dataset\Force and torque data\01-28-3.txt,D:\my\Future\QIT-CEMC Dataset\Vibration and sound data\01-28-03.csv,D:\my\Future\QIT-CEMC Dataset\Image\10\side-3.png,10/side-3.png,0.1553,1,0.1314,0.08830000000000002,True,True,True,True,8,
cycle_10_side_4,cycle_10,10,side,4,D:\my\Future\QIT-CEMC Dataset\Force and torque data\01-28-3.txt,D:\my\Future\QIT-CEMC Dataset\Vibration and sound data\01-28-03.csv,D:\my\Future\QIT-CEMC Dataset\Image\10\side-4.png,10/side-4.png,0.1433,1,0.1373,0.08399999999999999,True,True,True,True,8,
cycle_11_side_1,cycle_11,11,side,1,D:\my\Future\QIT-CEMC Dataset\Force and torque data\01-29-1.txt,D:\my\Future\QIT-CEMC Dataset\Vibration and sound data\01-29-01.csv,D:\my\Future\QIT-CEMC Dataset\Image\11\side-1.png,11/side-1.png,0.1374,1,0.1373,0.07619999999999999,True,True,True,True,8,
cycle_11_side_2,cycle_11,11,side,2,D:\my\Future\QIT-CEMC Dataset\Force and torque data\01-29-1.txt,D:\my\Future\QIT-CEMC Dataset\Vibration and sound data\01-29-01.csv,D:\my\Future\QIT-CEMC Dataset\Image\11\side-2.png,11/side-2.png,0.155,1,0.1374,0.09769999999999998,True,True,True,True,8,
cycle_11_side_3,cycle_11,11,side,3,D:\my\Future\QIT-CEMC Dataset\Force and torque data\01-29-1.txt,D:\my\Future\QIT-CEMC Dataset\Vibration and sound data\01-29-01.csv,D:\my\Future\QIT-CEMC Dataset\Image\11\side-3.png,11/side-3.png,0.185,1,0.1791,0.08880000000000002,True,True,True,True,8,
cycle_11_side_4,cycle_11,11,side,4,D:\my\Future\QIT-CEMC Dataset\Force and torque data\01-29-1.txt,D:\my\Future\QIT-CEMC Dataset\Vibration and sound data\01-29-01.csv,D:\my\Future\QIT-CEMC Dataset\Image\11\side-4.png,11/side-4.png,0.2128,2,0.1378,0.1025,True,True,True,True,8,
cycle_12_side_1,cycle_12,12,side,1,D:\my\Future\QIT-CEMC Dataset\Force and torque data\01-29-2.txt,D:\my\Future\QIT-CEMC Dataset\Vibration and sound data\01-29-02.csv,D:\my\Future\QIT-CEMC Dataset\Image\12\side-1.png,12/side-1.png,0.1432,1,0.1432,0.07730000000000001,True,True,True,True,8,
cycle_12_side_2,cycle_12,12,side,2,D:\my\Future\QIT-CEMC Dataset\Force and torque data\01-29-2.txt,D:\my\Future\QIT-CEMC Dataset\Vibration and sound data\01-29-02.csv,D:\my\Future\QIT-CEMC Dataset\Image\12\side-2.png,12/side-2.png,0.1791,1,0.179,0.10669999999999999,True,True,True,True,8,
cycle_12_side_3,cycle_12,12,side,3,D:\my\Future\QIT-CEMC Dataset\Force and torque data\01-29-2.txt,D:\my\Future\QIT-CEMC Dataset\Vibration and sound data\01-29-02.csv,D:\my\Future\QIT-CEMC Dataset\Image\12\side-3.png,12/side-3.png,0.2031,2,0.1851,0.10060000000000002,True,True,True,True,8,
cycle_12_side_4,cycle_12,12,side,4,D:\my\Future\QIT-CEMC Dataset\Force and torque data\01-29-2.txt,D:\my\Future\QIT-CEMC Dataset\Vibration and sound data\01-29-02.csv,D:\my\Future\QIT-CEMC Dataset\Image\12\side-4.png,12/side-4.png,0.2149,2,0.1432,0.10569999999999999,True,True,True,True,8,
cycle_13_side_1,cycle_13,13,side,1,D:\my\Future\QIT-CEMC Dataset\Force and torque data\01-29-3.txt,D:\my\Future\QIT-CEMC Dataset\Vibration and sound data\01-29-03.csv,D:\my\Future\QIT-CEMC Dataset\Image\13\side-1.png,13/side-1.png,0.1731,1,0.1493,0.0887,True,True,True,True,8,
cycle_13_side_2,cycle_13,13,side,2,D:\my\Future\QIT-CEMC Dataset\Force and torque data\01-29-3.txt,D:\my\Future\QIT-CEMC Dataset\Vibration and sound data\01-29-03.csv,D:\my\Future\QIT-CEMC Dataset\Image\13\side-2.png,13/side-2.png,0.185,1,0.1791,0.11809999999999998,True,True,True,True,8,
cycle_13_side_3,cycle_13,13,side,3,D:\my\Future\QIT-CEMC Dataset\Force and torque data\01-29-3.txt,D:\my\Future\QIT-CEMC Dataset\Vibration and sound data\01-29-03.csv,D:\my\Future\QIT-CEMC Dataset\Image\13\side-3.png,13/side-3.png,0.209,2,0.191,0.10970000000000002,True,True,True,True,8,
cycle_13_side_4,cycle_13,13,side,4,D:\my\Future\QIT-CEMC Dataset\Force and torque data\01-29-3.txt,D:\my\Future\QIT-CEMC Dataset\Vibration and sound data\01-29-03.csv,D:\my\Future\QIT-CEMC Dataset\Image\13\side-4.png,13/side-4.png,0.2209,2,0.1492,0.1182,True,True,True,True,8,
cycle_14_side_1,cycle_14,14,side,1,D:\my\Future\QIT-CEMC Dataset\Force and torque data\01-30-1.txt,D:\my\Future\QIT-CEMC Dataset\Vibration and sound data\01-30-01.csv,D:\my\Future\QIT-CEMC Dataset\Image\14\side-1.png,14/side-1.png,0.179,1,0.1503,0.092,True,True,True,True,8,
cycle_14_side_2,cycle_14,14,side,2,D:\my\Future\QIT-CEMC Dataset\Force and torque data\01-30-1.txt,D:\my\Future\QIT-CEMC Dataset\Vibration and sound data\01-30-01.csv,D:\my\Future\QIT-CEMC Dataset\Image\14\side-2.png,14/side-2.png,0.1901,1,0.1854,0.1235,True,True,True,True,8,
cycle_14_side_3,cycle_14,14,side,3,D:\my\Future\QIT-CEMC Dataset\Force and torque data\01-30-1.txt,D:\my\Future\QIT-CEMC Dataset\Vibration and sound data\01-30-01.csv,D:\my\Future\QIT-CEMC Dataset\Image\14\side-3.png,14/side-3.png,0.2089,2,0.1973,0.11450000000000002,True,True,True,True,8,
cycle_14_side_4,cycle_14,14,side,4,D:\my\Future\QIT-CEMC Dataset\Force and torque data\01-30-1.txt,D:\my\Future\QIT-CEMC Dataset\Vibration and sound data\01-30-01.csv,D:\my\Future\QIT-CEMC Dataset\Image\14\side-4.png,14/side-4.png,0.2263,2,0.1493,0.1268,True,True,True,True,8,
cycle_15_side_1,cycle_15,15,side,1,D:\my\Future\QIT-CEMC Dataset\Force and torque data\01-30-2.txt,D:\my\Future\QIT-CEMC Dataset\Vibration and sound data\01-30-02.csv,D:\my\Future\QIT-CEMC Dataset\Image\15\side-1.png,15/side-1.png,0.1851,1,0.1672,0.1036,True,True,True,True,8,
cycle_15_side_2,cycle_15,15,side,2,D:\my\Future\QIT-CEMC Dataset\Force and torque data\01-30-2.txt,D:\my\Future\QIT-CEMC Dataset\Vibration and sound data\01-30-02.csv,D:\my\Future\QIT-CEMC Dataset\Image\15\side-2.png,15/side-2.png,0.2209,2,0.2096,0.1289,True,True,True,True,8,
cycle_15_side_3,cycle_15,15,side,3,D:\my\Future\QIT-CEMC Dataset\Force and torque data\01-30-2.txt,D:\my\Future\QIT-CEMC Dataset\Vibration and sound data\01-30-02.csv,D:\my\Future\QIT-CEMC Dataset\Image\15\side-3.png,15/side-3.png,0.2279,2,0.209,0.12060000000000001,True,True,True,True,8,
cycle_15_side_4,cycle_15,15,side,4,D:\my\Future\QIT-CEMC Dataset\Force and torque data\01-30-2.txt,D:\my\Future\QIT-CEMC Dataset\Vibration and sound data\01-30-02.csv,D:\my\Future\QIT-CEMC Dataset\Image\15\side-4.png,15/side-4.png,0.2304,2,0.1556,0.1284,True,True,True,True,8,
cycle_16_side_1,cycle_16,16,side,1,D:\my\Future\QIT-CEMC Dataset\Force and torque data\01-30-3.txt,D:\my\Future\QIT-CEMC Dataset\Vibration and sound data\01-30-03.csv,D:\my\Future\QIT-CEMC Dataset\Image\16\side-1.png,16/side-1.png,0.191,1,0.1732,0.1051,True,True,True,True,8,
cycle_16_side_2,cycle_16,16,side,2,D:\my\Future\QIT-CEMC Dataset\Force and torque data\01-30-3.txt,D:\my\Future\QIT-CEMC Dataset\Vibration and sound data\01-30-03.csv,D:\my\Future\QIT-CEMC Dataset\Image\16\side-2.png,16/side-2.png,0.2269,2,0.2149,0.13219999999999998,True,True,True,True,8,
cycle_16_side_3,cycle_16,16,side,3,D:\my\Future\QIT-CEMC Dataset\Force and torque data\01-30-3.txt,D:\my\Future\QIT-CEMC Dataset\Vibration and sound data\01-30-03.csv,D:\my\Future\QIT-CEMC Dataset\Image\16\side-3.png,16/side-3.png,0.2331,2,0.2152,0.1308,True,True,True,True,8,
cycle_16_side_4,cycle_16,16,side,4,D:\my\Future\QIT-CEMC Dataset\Force and torque data\01-30-3.txt,D:\my\Future\QIT-CEMC Dataset\Vibration and sound data\01-30-03.csv,D:\my\Future\QIT-CEMC Dataset\Image\16\side-4.png,16/side-4.png,0.2383,2,0.1616,0.1371,True,True,True,True,8,
cycle_17_side_1,cycle_17,17,side,1,D:\my\Future\QIT-CEMC Dataset\Force and torque data\01-30-4.txt,D:\my\Future\QIT-CEMC Dataset\Vibration and sound data\01-30-04.csv,D:\my\Future\QIT-CEMC Dataset\Image\17\side-1.png,17/side-1.png,0.1911,1,0.1791,0.1225,True,True,True,True,8,
cycle_17_side_2,cycle_17,17,side,2,D:\my\Future\QIT-CEMC Dataset\Force and torque data\01-30-4.txt,D:\my\Future\QIT-CEMC Dataset\Vibration and sound data\01-30-04.csv,D:\my\Future\QIT-CEMC Dataset\Image\17\side-2.png,17/side-2.png,0.228,2,0.2209,0.1492,True,True,True,True,8,
cycle_17_side_3,cycle_17,17,side,3,D:\my\Future\QIT-CEMC Dataset\Force and torque data\01-30-4.txt,D:\my\Future\QIT-CEMC Dataset\Vibration and sound data\01-30-04.csv,D:\my\Future\QIT-CEMC Dataset\Image\17\side-3.png,17/side-3.png,0.2346,2,0.2269,0.1391,True,True,True,True,8,
cycle_17_side_4,cycle_17,17,side,4,D:\my\Future\QIT-CEMC Dataset\Force and torque data\01-30-4.txt,D:\my\Future\QIT-CEMC Dataset\Vibration and sound data\01-30-04.csv,D:\my\Future\QIT-CEMC Dataset\Image\17\side-4.png,17/side-4.png,0.239,2,0.1735,0.15009999999999998,True,True,True,True,8,
cycle_18_side_1,cycle_18,18,side,1,D:\my\Future\QIT-CEMC Dataset\Force and torque data\01-31-1.txt,D:\my\Future\QIT-CEMC Dataset\Vibration and sound data\01-31-01.csv,D:\my\Future\QIT-CEMC Dataset\Image\18\side-1.png,18/side-1.png,0.197,1,0.185,0.1359,True,True,True,True,8,
cycle_18_side_2,cycle_18,18,side,2,D:\my\Future\QIT-CEMC Dataset\Force and torque data\01-31-1.txt,D:\my\Future\QIT-CEMC Dataset\Vibration and sound data\01-31-01.csv,D:\my\Future\QIT-CEMC Dataset\Image\18\side-2.png,18/side-2.png,0.2328,2,0.2211,0.1605,True,True,True,True,8,
cycle_18_side_3,cycle_18,18,side,3,D:\my\Future\QIT-CEMC Dataset\Force and torque data\01-31-1.txt,D:\my\Future\QIT-CEMC Dataset\Vibration and sound data\01-31-01.csv,D:\my\Future\QIT-CEMC Dataset\Image\18\side-3.png,18/side-3.png,0.2387,2,0.2328,0.1453,True,True,True,True,8,
cycle_18_side_4,cycle_18,18,side,4,D:\my\Future\QIT-CEMC Dataset\Force and torque data\01-31-1.txt,D:\my\Future\QIT-CEMC Dataset\Vibration and sound data\01-31-01.csv,D:\my\Future\QIT-CEMC Dataset\Image\18\side-4.png,18/side-4.png,0.245,2,0.1845,0.1604,True,True,True,True,8,
cycle_19_side_1,cycle_19,19,side,1,D:\my\Future\QIT-CEMC Dataset\Force and torque data\01-31-2.txt,D:\my\Future\QIT-CEMC Dataset\Vibration and sound data\01-31-02.csv,D:\my\Future\QIT-CEMC Dataset\Image\19\side-1.png,19/side-1.png,0.2029,2,0.191,0.1431,True,True,True,True,8,
cycle_19_side_2,cycle_19,19,side,2,D:\my\Future\QIT-CEMC Dataset\Force and torque data\01-31-2.txt,D:\my\Future\QIT-CEMC Dataset\Vibration and sound data\01-31-02.csv,D:\my\Future\QIT-CEMC Dataset\Image\19\side-2.png,19/side-2.png,0.2328,2,0.2269,0.1775,True,True,True,True,8,
cycle_19_side_3,cycle_19,19,side,3,D:\my\Future\QIT-CEMC Dataset\Force and torque data\01-31-2.txt,D:\my\Future\QIT-CEMC Dataset\Vibration and sound data\01-31-02.csv,D:\my\Future\QIT-CEMC Dataset\Image\19\side-3.png,19/side-3.png,0.248,2,0.2447,0.1516,True,True,True,True,8,
cycle_19_side_4,cycle_19,19,side,4,D:\my\Future\QIT-CEMC Dataset\Force and torque data\01-31-2.txt,D:\my\Future\QIT-CEMC Dataset\Vibration and sound data\01-31-02.csv,D:\my\Future\QIT-CEMC Dataset\Image\19\side-4.png,19/side-4.png,0.2507,2,0.203,0.1654,True,True,True,True,8,
cycle_20_side_1,cycle_20,20,side,1,D:\my\Future\QIT-CEMC Dataset\Force and torque data\01-31-3.txt,D:\my\Future\QIT-CEMC Dataset\Vibration and sound data\01-31-03.csv,D:\my\Future\QIT-CEMC Dataset\Image\20\side-1.png,20/side-1.png,0.2352,2,0.2208,0.1446,True,True,True,True,8,
cycle_20_side_2,cycle_20,20,side,2,D:\my\Future\QIT-CEMC Dataset\Force and torque data\01-31-3.txt,D:\my\Future\QIT-CEMC Dataset\Vibration and sound data\01-31-03.csv,D:\my\Future\QIT-CEMC Dataset\Image\20\side-2.png,20/side-2.png,0.2328,2,0.2281,0.20550000000000002,True,True,True,True,8,
cycle_20_side_3,cycle_20,20,side,3,D:\my\Future\QIT-CEMC Dataset\Force and torque data\01-31-3.txt,D:\my\Future\QIT-CEMC Dataset\Vibration and sound data\01-31-03.csv,D:\my\Future\QIT-CEMC Dataset\Image\20\side-3.png,20/side-3.png,0.2746,2,0.2569,0.1585,True,True,True,True,8,
cycle_20_side_4,cycle_20,20,side,4,D:\my\Future\QIT-CEMC Dataset\Force and torque data\01-31-3.txt,D:\my\Future\QIT-CEMC Dataset\Vibration and sound data\01-31-03.csv,D:\my\Future\QIT-CEMC Dataset\Image\20\side-4.png,20/side-4.png,0.2865,2,0.2387,0.18259999999999998,True,True,True,True,8,
cycle_21_side_1,cycle_21,21,side,1,D:\my\Future\QIT-CEMC Dataset\Force and torque data\02-01-01.txt,D:\my\Future\QIT-CEMC Dataset\Vibration and sound data\02-01-01.xlsx,D:\my\Future\QIT-CEMC Dataset\Image\21\side-1.png,21/side-1.png,0.2152,2,0.1672,0.0608,True,True,True,True,8,
cycle_21_side_2,cycle_21,21,side,2,D:\my\Future\QIT-CEMC Dataset\Force and torque data\02-01-01.txt,D:\my\Future\QIT-CEMC Dataset\Vibration and sound data\02-01-01.xlsx,D:\my\Future\QIT-CEMC Dataset\Image\21\side-2.png,21/side-2.png,0.2065,2,0.197,0.269,True,True,True,True,8,
cycle_21_side_3,cycle_21,21,side,3,D:\my\Future\QIT-CEMC Dataset\Force and torque data\02-01-01.txt,D:\my\Future\QIT-CEMC Dataset\Vibration and sound data\02-01-01.xlsx,D:\my\Future\QIT-CEMC Dataset\Image\21\side-3.png,21/side-3.png,0.2751,2,0.2686,0.0844,True,True,True,True,8,
cycle_21_side_4,cycle_21,21,side,4,D:\my\Future\QIT-CEMC Dataset\Force and torque data\02-01-01.txt,D:\my\Future\QIT-CEMC Dataset\Vibration and sound data\02-01-01.xlsx,D:\my\Future\QIT-CEMC Dataset\Image\21\side-4.png,21/side-4.png,0.2089,2,0.2089,0.0963,True,True,True,True,8,
cycle_22_side_1,cycle_22,22,side,1,D:\my\Future\QIT-CEMC Dataset\Force and torque data\02-01-02.txt,D:\my\Future\QIT-CEMC Dataset\Vibration and sound data\02-01-02.xlsx,D:\my\Future\QIT-CEMC Dataset\Image\22\side-1.png,22/side-1.png,0.216,2,0.1911,0.0618,True,True,True,True,8,
cycle_22_side_2,cycle_22,22,side,2,D:\my\Future\QIT-CEMC Dataset\Force and torque data\02-01-02.txt,D:\my\Future\QIT-CEMC Dataset\Vibration and sound data\02-01-02.xlsx,D:\my\Future\QIT-CEMC Dataset\Image\22\side-2.png,22/side-2.png,0.2175,2,0.2089,0.2237,True,True,True,True,8,
cycle_22_side_3,cycle_22,22,side,3,D:\my\Future\QIT-CEMC Dataset\Force and torque data\02-01-02.txt,D:\my\Future\QIT-CEMC Dataset\Vibration and sound data\02-01-02.xlsx,D:\my\Future\QIT-CEMC Dataset\Image\22\side-3.png,22/side-3.png,0.197,1,0.1971,0.09490000000000001,True,True,True,True,8,
cycle_22_side_4,cycle_22,22,side,4,D:\my\Future\QIT-CEMC Dataset\Force and torque data\02-01-02.txt,D:\my\Future\QIT-CEMC Dataset\Vibration and sound data\02-01-02.xlsx,D:\my\Future\QIT-CEMC Dataset\Image\22\side-4.png,22/side-4.png,0.233,2,0.2166,0.09769999999999998,True,True,True,True,8,
cycle_23_side_1,cycle_23,23,side,1,D:\my\Future\QIT-CEMC Dataset\Force and torque data\02-01-03.txt,D:\my\Future\QIT-CEMC Dataset\Vibration and sound data\02-01-03.csv,D:\my\Future\QIT-CEMC Dataset\Image\23\side-1.png,23/side-1.png,0.2566,2,0.2029,0.1063,True,True,True,True,8,
cycle_23_side_2,cycle_23,23,side,2,D:\my\Future\QIT-CEMC Dataset\Force and torque data\02-01-03.txt,D:\my\Future\QIT-CEMC Dataset\Vibration and sound data\02-01-03.csv,D:\my\Future\QIT-CEMC Dataset\Image\23\side-2.png,23/side-2.png,0.2268,2,0.2149,0.1914,True,True,True,True,8,
cycle_23_side_3,cycle_23,23,side,3,D:\my\Future\QIT-CEMC Dataset\Force and torque data\02-01-03.txt,D:\my\Future\QIT-CEMC Dataset\Vibration and sound data\02-01-03.csv,D:\my\Future\QIT-CEMC Dataset\Image\23\side-3.png,23/side-3.png,0.2188,2,0.2328,0.1051,True,True,True,True,8,
cycle_23_side_4,cycle_23,23,side,4,D:\my\Future\QIT-CEMC Dataset\Force and torque data\02-01-03.txt,D:\my\Future\QIT-CEMC Dataset\Vibration and sound data\02-01-03.csv,D:\my\Future\QIT-CEMC Dataset\Image\23\side-4.png,23/side-4.png,0.191,1,0.1911,0.053899999999999997,True,True,True,True,8,
cycle_24_side_1,cycle_24,24,side,1,D:\my\Future\QIT-CEMC Dataset\Force and torque data\02-01-04.txt,D:\my\Future\QIT-CEMC Dataset\Vibration and sound data\02-01-04.csv,D:\my\Future\QIT-CEMC Dataset\Image\24\side-1.png,24/side-1.png,0.2665,2,0.2145,0.1069,True,True,True,True,8,
cycle_24_side_2,cycle_24,24,side,2,D:\my\Future\QIT-CEMC Dataset\Force and torque data\02-01-04.txt,D:\my\Future\QIT-CEMC Dataset\Vibration and sound data\02-01-04.csv,D:\my\Future\QIT-CEMC Dataset\Image\24\side-2.png,24/side-2.png,0.2686,2,0.236,0.22060000000000002,True,True,True,True,8,
cycle_24_side_3,cycle_24,24,side,3,D:\my\Future\QIT-CEMC Dataset\Force and torque data\02-01-04.txt,D:\my\Future\QIT-CEMC Dataset\Vibration and sound data\02-01-04.csv,D:\my\Future\QIT-CEMC Dataset\Image\24\side-3.png,24/side-3.png,0.203,2,0.197,0.10590000000000002,True,True,True,True,8,
cycle_24_side_4,cycle_24,24,side,4,D:\my\Future\QIT-CEMC Dataset\Force and torque data\02-01-04.txt,D:\my\Future\QIT-CEMC Dataset\Vibration and sound data\02-01-04.csv,D:\my\Future\QIT-CEMC Dataset\Image\24\side-4.png,24/side-4.png,0.209,2,0.2148,0.07339999999999999,True,True,True,True,8,
cycle_25_side_1,cycle_25,25,side,1,D:\my\Future\QIT-CEMC Dataset\Force and torque data\02-01-05.txt,D:\my\Future\QIT-CEMC Dataset\Vibration and sound data\02-01-05.csv,D:\my\Future\QIT-CEMC Dataset\Image\25\side-1.png,25/side-1.png,0.2668,2,0.2165,0.1149,True,True,True,True,8,
cycle_25_side_2,cycle_25,25,side,2,D:\my\Future\QIT-CEMC Dataset\Force and torque data\02-01-05.txt,D:\my\Future\QIT-CEMC Dataset\Vibration and sound data\02-01-05.csv,D:\my\Future\QIT-CEMC Dataset\Image\25\side-2.png,25/side-2.png,0.203,2,0.1672,0.1683,True,True,True,True,8,
cycle_25_side_3,cycle_25,25,side,3,D:\my\Future\QIT-CEMC Dataset\Force and torque data\02-01-05.txt,D:\my\Future\QIT-CEMC Dataset\Vibration and sound data\02-01-05.csv,D:\my\Future\QIT-CEMC Dataset\Image\25\side-3.png,25/side-3.png,0.1854,1,0.1854,0.09740000000000001,True,True,True,True,8,
cycle_25_side_4,cycle_25,25,side,4,D:\my\Future\QIT-CEMC Dataset\Force and torque data\02-01-05.txt,D:\my\Future\QIT-CEMC Dataset\Vibration and sound data\02-01-05.csv,D:\my\Future\QIT-CEMC Dataset\Image\25\side-4.png,25/side-4.png,0.185,1,0.179,0.052399999999999995,True,True,True,True,8,
cycle_26_side_1,cycle_26,26,side,1,D:\my\Future\QIT-CEMC Dataset\Force and torque data\02-01-06.txt,D:\my\Future\QIT-CEMC Dataset\Vibration and sound data\02-01-06.csv,D:\my\Future\QIT-CEMC Dataset\Image\26\side-1.png,26/side-1.png,0.2735,2,0.2268,0.13190000000000002,True,True,True,True,8,
cycle_26_side_2,cycle_26,26,side,2,D:\my\Future\QIT-CEMC Dataset\Force and torque data\02-01-06.txt,D:\my\Future\QIT-CEMC Dataset\Vibration and sound data\02-01-06.csv,D:\my\Future\QIT-CEMC Dataset\Image\26\side-2.png,26/side-2.png,0.2149,2,0.179,0.21710000000000002,True,True,True,True,8,
cycle_26_side_3,cycle_26,26,side,3,D:\my\Future\QIT-CEMC Dataset\Force and torque data\02-01-06.txt,D:\my\Future\QIT-CEMC Dataset\Vibration and sound data\02-01-06.csv,D:\my\Future\QIT-CEMC Dataset\Image\26\side-3.png,26/side-3.png,0.1901,1,0.1887,0.1106,True,True,True,True,8,
cycle_26_side_4,cycle_26,26,side,4,D:\my\Future\QIT-CEMC Dataset\Force and torque data\02-01-06.txt,D:\my\Future\QIT-CEMC Dataset\Vibration and sound data\02-01-06.csv,D:\my\Future\QIT-CEMC Dataset\Image\26\side-4.png,26/side-4.png,0.1901,1,0.1806,0.052700000000000004,True,True,True,True,8,
cycle_27_side_1,cycle_27,27,side,1,D:\my\Future\QIT-CEMC Dataset\Force and torque data\02-02-01.txt,D:\my\Future\QIT-CEMC Dataset\Vibration and sound data\02-02-01.csv,D:\my\Future\QIT-CEMC Dataset\Image\27\side-1.png,27/side-1.png,0.2748,2,0.2368,0.135,True,True,True,True,8,
cycle_27_side_2,cycle_27,27,side,2,D:\my\Future\QIT-CEMC Dataset\Force and torque data\02-02-01.txt,D:\my\Future\QIT-CEMC Dataset\Vibration and sound data\02-02-01.csv,D:\my\Future\QIT-CEMC Dataset\Image\27\side-2.png,27/side-2.png,0.2509,2,0.186,0.2424,True,True,True,True,8,
cycle_27_side_3,cycle_27,27,side,3,D:\my\Future\QIT-CEMC Dataset\Force and torque data\02-02-01.txt,D:\my\Future\QIT-CEMC Dataset\Vibration and sound data\02-02-01.csv,D:\my\Future\QIT-CEMC Dataset\Image\27\side-3.png,27/side-3.png,0.193,1,0.1854,0.1119,True,True,True,True,8,
cycle_27_side_4,cycle_27,27,side,4,D:\my\Future\QIT-CEMC Dataset\Force and torque data\02-02-01.txt,D:\my\Future\QIT-CEMC Dataset\Vibration and sound data\02-02-01.csv,D:\my\Future\QIT-CEMC Dataset\Image\27\side-4.png,27/side-4.png,0.1911,1,0.1815,0.057100000000000005,True,True,True,True,8,
cycle_28_side_1,cycle_28,28,side,1,D:\my\Future\QIT-CEMC Dataset\Force and torque data\02-02-02.txt,D:\my\Future\QIT-CEMC Dataset\Vibration and sound data\02-02-02.csv,D:\my\Future\QIT-CEMC Dataset\Image\28\side-1.png,28/side-1.png,0.2371,2,0.2509,0.1371,True,True,True,True,8,
cycle_28_side_2,cycle_28,28,side,2,D:\my\Future\QIT-CEMC Dataset\Force and torque data\02-02-02.txt,D:\my\Future\QIT-CEMC Dataset\Vibration and sound data\02-02-02.csv,D:\my\Future\QIT-CEMC Dataset\Image\28\side-2.png,28/side-2.png,0.2712,2,0.1911,0.2561,True,True,True,True,8,
cycle_28_side_3,cycle_28,28,side,3,D:\my\Future\QIT-CEMC Dataset\Force and torque data\02-02-02.txt,D:\my\Future\QIT-CEMC Dataset\Vibration and sound data\02-02-02.csv,D:\my\Future\QIT-CEMC Dataset\Image\28\side-3.png,28/side-3.png,0.2148,2,0.203,0.1134,True,True,True,True,8,
cycle_28_side_4,cycle_28,28,side,4,D:\my\Future\QIT-CEMC Dataset\Force and torque data\02-02-02.txt,D:\my\Future\QIT-CEMC Dataset\Vibration and sound data\02-02-02.csv,D:\my\Future\QIT-CEMC Dataset\Image\28\side-4.png,28/side-4.png,0.2149,2,0.2066,0.058199999999999995,True,True,True,True,8,
cycle_29_side_1,cycle_29,29,side,1,D:\my\Future\QIT-CEMC Dataset\Force and torque data\02-02-03.txt,D:\my\Future\QIT-CEMC Dataset\Vibration and sound data\02-02-03.csv,D:\my\Future\QIT-CEMC Dataset\Image\29\side-1.png,29/side-1.png,0.2548,2,0.2518,0.1401,True,True,True,True,8,
cycle_29_side_2,cycle_29,29,side,2,D:\my\Future\QIT-CEMC Dataset\Force and torque data\02-02-03.txt,D:\my\Future\QIT-CEMC Dataset\Vibration and sound data\02-02-03.csv,D:\my\Future\QIT-CEMC Dataset\Image\29\side-2.png,29/side-2.png,0.281,2,0.1936,0.2576,True,True,True,True,8,
cycle_29_side_3,cycle_29,29,side,3,D:\my\Future\QIT-CEMC Dataset\Force and torque data\02-02-03.txt,D:\my\Future\QIT-CEMC Dataset\Vibration and sound data\02-02-03.csv,D:\my\Future\QIT-CEMC Dataset\Image\29\side-3.png,29/side-3.png,0.2318,2,0.2059,0.1154,True,True,True,True,8,
cycle_29_side_4,cycle_29,29,side,4,D:\my\Future\QIT-CEMC Dataset\Force and torque data\02-02-03.txt,D:\my\Future\QIT-CEMC Dataset\Vibration and sound data\02-02-03.csv,D:\my\Future\QIT-CEMC Dataset\Image\29\side-4.png,29/side-4.png,0.2152,2,0.2091,0.061099999999999995,True,True,True,True,8,
cycle_30_side_1,cycle_30,30,side,1,D:\my\Future\QIT-CEMC Dataset\Force and torque data\02-02-04.txt,D:\my\Future\QIT-CEMC Dataset\Vibration and sound data\02-02-04.csv,D:\my\Future\QIT-CEMC Dataset\Image\30\side-1.png,30/side-1.png,0.2865,2,0.2686,0.1442,True,True,True,True,8,
cycle_30_side_2,cycle_30,30,side,2,D:\my\Future\QIT-CEMC Dataset\Force and torque data\02-02-04.txt,D:\my\Future\QIT-CEMC Dataset\Vibration and sound data\02-02-04.csv,D:\my\Future\QIT-CEMC Dataset\Image\30\side-2.png,30/side-2.png,0.2836,2,0.1974,0.26139999999999997,True,True,True,True,8,
cycle_30_side_3,cycle_30,30,side,3,D:\my\Future\QIT-CEMC Dataset\Force and torque data\02-02-04.txt,D:\my\Future\QIT-CEMC Dataset\Vibration and sound data\02-02-04.csv,D:\my\Future\QIT-CEMC Dataset\Image\30\side-3.png,30/side-3.png,0.2386,2,0.2063,0.11850000000000002,True,True,True,True,8,
cycle_30_side_4,cycle_30,30,side,4,D:\my\Future\QIT-CEMC Dataset\Force and torque data\02-02-04.txt,D:\my\Future\QIT-CEMC Dataset\Vibration and sound data\02-02-04.csv,D:\my\Future\QIT-CEMC Dataset\Image\30\side-4.png,30/side-4.png,0.2268,2,0.2103,0.0781,True,True,True,True,8,
cycle_31_side_1,cycle_31,31,side,1,D:\my\Future\QIT-CEMC Dataset\Force and torque data\02-04-01.txt,D:\my\Future\QIT-CEMC Dataset\Vibration and sound data\02-04-01.csv,D:\my\Future\QIT-CEMC Dataset\Image\31\side-1.png,31/side-1.png,0.2805,2,0.2089,0.1555,True,True,True,True,8,
cycle_31_side_2,cycle_31,31,side,2,D:\my\Future\QIT-CEMC Dataset\Force and torque data\02-04-01.txt,D:\my\Future\QIT-CEMC Dataset\Vibration and sound data\02-04-01.csv,D:\my\Future\QIT-CEMC Dataset\Image\31\side-2.png,31/side-2.png,0.209,2,0.209,0.3727,True,True,True,True,8,
cycle_31_side_3,cycle_31,31,side,3,D:\my\Future\QIT-CEMC Dataset\Force and torque data\02-04-01.txt,D:\my\Future\QIT-CEMC Dataset\Vibration and sound data\02-04-01.csv,D:\my\Future\QIT-CEMC Dataset\Image\31\side-3.png,31/side-3.png,0.3104,3,0.2805,0.1265,True,True,True,True,8,
cycle_31_side_4,cycle_31,31,side,4,D:\my\Future\QIT-CEMC Dataset\Force and torque data\02-04-01.txt,D:\my\Future\QIT-CEMC Dataset\Vibration and sound data\02-04-01.csv,D:\my\Future\QIT-CEMC Dataset\Image\31\side-4.png,31/side-4.png,0.1611,1,0.1376,0.06919999999999998,True,True,True,True,8,
cycle_32_side_1,cycle_32,32,side,1,D:\my\Future\QIT-CEMC Dataset\Force and torque data\02-04-02.txt,D:\my\Future\QIT-CEMC Dataset\Vibration and sound data\02-04-02.csv,D:\my\Future\QIT-CEMC Dataset\Image\32\side-1.png,32/side-1.png,0.2622,2,0.2507,0.1519,True,True,True,True,8,
cycle_32_side_2,cycle_32,32,side,2,D:\my\Future\QIT-CEMC Dataset\Force and torque data\02-04-02.txt,D:\my\Future\QIT-CEMC Dataset\Vibration and sound data\02-04-02.csv,D:\my\Future\QIT-CEMC Dataset\Image\32\side-2.png,32/side-2.png,0.1195,1,0.06,0.2587,True,True,True,True,8,
cycle_32_side_3,cycle_32,32,side,3,D:\my\Future\QIT-CEMC Dataset\Force and torque data\02-04-02.txt,D:\my\Future\QIT-CEMC Dataset\Vibration and sound data\02-04-02.csv,D:\my\Future\QIT-CEMC Dataset\Image\32\side-3.png,32/side-3.png,0.1914,1,0.1314,0.10020000000000001,True,True,True,True,8,
cycle_32_side_4,cycle_32,32,side,4,D:\my\Future\QIT-CEMC Dataset\Force and torque data\02-04-02.txt,D:\my\Future\QIT-CEMC Dataset\Vibration and sound data\02-04-02.csv,D:\my\Future\QIT-CEMC Dataset\Image\32\side-4.png,32/side-4.png,0.1431,1,0.1373,0.0744,True,True,True,True,8,
cycle_33_side_1,cycle_33,33,side,1,D:\my\Future\QIT-CEMC Dataset\Force and torque data\02-04-03.txt,D:\my\Future\QIT-CEMC Dataset\Vibration and sound data\02-04-03.csv,D:\my\Future\QIT-CEMC Dataset\Image\33\side-1.png,33/side-1.png,0.3581,3,0.3168,0.1725,True,True,True,True,8,
cycle_33_side_2,cycle_33,33,side,2,D:\my\Future\QIT-CEMC Dataset\Force and torque data\02-04-03.txt,D:\my\Future\QIT-CEMC Dataset\Vibration and sound data\02-04-03.csv,D:\my\Future\QIT-CEMC Dataset\Image\33\side-2.png,33/side-2.png,0.1301,1,0.0957,0.2817,True,True,True,True,8,
cycle_33_side_3,cycle_33,33,side,3,D:\my\Future\QIT-CEMC Dataset\Force and torque data\02-04-03.txt,D:\my\Future\QIT-CEMC Dataset\Vibration and sound data\02-04-03.csv,D:\my\Future\QIT-CEMC Dataset\Image\33\side-3.png,33/side-3.png,0.2388,2,0.2388,0.067,True,True,True,True,8,
cycle_33_side_4,cycle_33,33,side,4,D:\my\Future\QIT-CEMC Dataset\Force and torque data\02-04-03.txt,D:\my\Future\QIT-CEMC Dataset\Vibration and sound data\02-04-03.csv,D:\my\Future\QIT-CEMC Dataset\Image\33\side-4.png,33/side-4.png,0.2572,2,0.2627,0.09969999999999998,True,True,True,True,8,
cycle_34_side_1,cycle_34,34,side,1,D:\my\Future\QIT-CEMC Dataset\Force and torque data\02-05-01.txt,D:\my\Future\QIT-CEMC Dataset\Vibration and sound data\02-05-01.csv,D:\my\Future\QIT-CEMC Dataset\Image\34\side-1.png,34/side-1.png,0.2268,2,0.2215,0.12290000000000001,True,True,True,True,8,
cycle_34_side_2,cycle_34,34,side,2,D:\my\Future\QIT-CEMC Dataset\Force and torque data\02-05-01.txt,D:\my\Future\QIT-CEMC Dataset\Vibration and sound data\02-05-01.csv,D:\my\Future\QIT-CEMC Dataset\Image\34\side-2.png,34/side-2.png,0.1022,1,0.0785,0.4056,True,True,True,True,8,
cycle_34_side_3,cycle_34,34,side,3,D:\my\Future\QIT-CEMC Dataset\Force and torque data\02-05-01.txt,D:\my\Future\QIT-CEMC Dataset\Vibration and sound data\02-05-01.csv,D:\my\Future\QIT-CEMC Dataset\Image\34\side-3.png,34/side-3.png,0.2209,2,0.2149,0.10840000000000002,True,True,True,True,8,
cycle_34_side_4,cycle_34,34,side,4,D:\my\Future\QIT-CEMC Dataset\Force and torque data\02-05-01.txt,D:\my\Future\QIT-CEMC Dataset\Vibration and sound data\02-05-01.csv,D:\my\Future\QIT-CEMC Dataset\Image\34\side-4.png,34/side-4.png,0.2924,2,0.2387,0.1347,True,True,True,True,8,
cycle_35_side_1,cycle_35,35,side,1,D:\my\Future\QIT-CEMC Dataset\Force and torque data\02-05-02.txt,D:\my\Future\QIT-CEMC Dataset\Vibration and sound data\02-05-02.csv,D:\my\Future\QIT-CEMC Dataset\Image\35\side-1.png,35/side-1.png,0.2089,2,0.209,0.09460000000000002,True,True,True,True,8,
cycle_35_side_2,cycle_35,35,side,2,D:\my\Future\QIT-CEMC Dataset\Force and torque data\02-05-02.txt,D:\my\Future\QIT-CEMC Dataset\Vibration and sound data\02-05-02.csv,D:\my\Future\QIT-CEMC Dataset\Image\35\side-2.png,35/side-2.png,0.2081,2,0.1911,0.26,True,True,True,True,8,
cycle_35_side_3,cycle_35,35,side,3,D:\my\Future\QIT-CEMC Dataset\Force and torque data\02-05-02.txt,D:\my\Future\QIT-CEMC Dataset\Vibration and sound data\02-05-02.csv,D:\my\Future\QIT-CEMC Dataset\Image\35\side-3.png,35/side-3.png,0.1492,1,0.1313,0.0424,True,True,True,True,8,
cycle_35_side_4,cycle_35,35,side,4,D:\my\Future\QIT-CEMC Dataset\Force and torque data\02-05-02.txt,D:\my\Future\QIT-CEMC Dataset\Vibration and sound data\02-05-02.csv,D:\my\Future\QIT-CEMC Dataset\Image\35\side-4.png,35/side-4.png,0.1433,1,0.1404,0.026699999999999995,True,True,True,True,8,
cycle_36_side_1,cycle_36,36,side,1,D:\my\Future\QIT-CEMC Dataset\Force and torque data\02-05-03.txt,D:\my\Future\QIT-CEMC Dataset\Vibration and sound data\02-05-03.csv,D:\my\Future\QIT-CEMC Dataset\Image\36\side-1.png,36/side-1.png,0.2071,2,0.1731,0.08610000000000001,True,True,True,True,8,
cycle_36_side_2,cycle_36,36,side,2,D:\my\Future\QIT-CEMC Dataset\Force and torque data\02-05-03.txt,D:\my\Future\QIT-CEMC Dataset\Vibration and sound data\02-05-03.csv,D:\my\Future\QIT-CEMC Dataset\Image\36\side-2.png,36/side-2.png,0.1558,1,0.1314,0.3528,True,True,True,True,8,
cycle_36_side_3,cycle_36,36,side,3,D:\my\Future\QIT-CEMC Dataset\Force and torque data\02-05-03.txt,D:\my\Future\QIT-CEMC Dataset\Vibration and sound data\02-05-03.csv,D:\my\Future\QIT-CEMC Dataset\Image\36\side-3.png,36/side-3.png,0.1553,1,0.1493,0.06670000000000001,True,True,True,True,8,
cycle_36_side_4,cycle_36,36,side,4,D:\my\Future\QIT-CEMC Dataset\Force and torque data\02-05-03.txt,D:\my\Future\QIT-CEMC Dataset\Vibration and sound data\02-05-03.csv,D:\my\Future\QIT-CEMC Dataset\Image\36\side-4.png,36/side-4.png,0.2269,2,0.1732,0.08459999999999998,True,True,True,True,8,
cycle_37_side_1,cycle_37,37,side,1,D:\my\Future\QIT-CEMC Dataset\Force and torque data\02-05-04.txt,D:\my\Future\QIT-CEMC Dataset\Vibration and sound data\02-05-04.csv,D:\my\Future\QIT-CEMC Dataset\Image\37\side-1.png,37/side-1.png,0.2924,2,0.2985,0.0817,True,True,True,True,8,
cycle_37_side_2,cycle_37,37,side,2,D:\my\Future\QIT-CEMC Dataset\Force and torque data\02-05-04.txt,D:\my\Future\QIT-CEMC Dataset\Vibration and sound data\02-05-04.csv,D:\my\Future\QIT-CEMC Dataset\Image\37\side-2.png,37/side-2.png,0.1122,1,0.1259,0.2608,True,True,True,True,8,
cycle_37_side_3,cycle_37,37,side,3,D:\my\Future\QIT-CEMC Dataset\Force and torque data\02-05-04.txt,D:\my\Future\QIT-CEMC Dataset\Vibration and sound data\02-05-04.csv,D:\my\Future\QIT-CEMC Dataset\Image\37\side-3.png,37/side-3.png,0.0811,0,0.0785,0.02530000000000001,True,True,True,True,8,
cycle_37_side_4,cycle_37,37,side,4,D:\my\Future\QIT-CEMC Dataset\Force and torque data\02-05-04.txt,D:\my\Future\QIT-CEMC Dataset\Vibration and sound data\02-05-04.csv,D:\my\Future\QIT-CEMC Dataset\Image\37\side-4.png,37/side-4.png,0.1616,1,0.1611,0.0713,True,True,True,True,8,
cycle_38_side_1,cycle_38,38,side,1,D:\my\Future\QIT-CEMC Dataset\Force and torque data\02-05-05.txt,D:\my\Future\QIT-CEMC Dataset\Vibration and sound data\02-05-05.csv,D:\my\Future\QIT-CEMC Dataset\Image\38\side-1.png,38/side-1.png,0.2805,2,0.1552,0.1349,True,True,True,True,8,
cycle_38_side_2,cycle_38,38,side,2,D:\my\Future\QIT-CEMC Dataset\Force and torque data\02-05-05.txt,D:\my\Future\QIT-CEMC Dataset\Vibration and sound data\02-05-05.csv,D:\my\Future\QIT-CEMC Dataset\Image\38\side-2.png,38/side-2.png,0.1439,1,0.1552,0.2719,True,True,True,True,8,
cycle_38_side_3,cycle_38,38,side,3,D:\my\Future\QIT-CEMC Dataset\Force and torque data\02-05-05.txt,D:\my\Future\QIT-CEMC Dataset\Vibration and sound data\02-05-05.csv,D:\my\Future\QIT-CEMC Dataset\Image\38\side-3.png,38/side-3.png,0.1675,1,0.1434,0.0824,True,True,True,True,8,
cycle_38_side_4,cycle_38,38,side,4,D:\my\Future\QIT-CEMC Dataset\Force and torque data\02-05-05.txt,D:\my\Future\QIT-CEMC Dataset\Vibration and sound data\02-05-05.csv,D:\my\Future\QIT-CEMC Dataset\Image\38\side-4.png,38/side-4.png,0.1497,1,0.1432,0.0731,True,True,True,True,8,
cycle_39_side_1,cycle_39,39,side,1,D:\my\Future\QIT-CEMC Dataset\Force and torque data\02-16-01.txt,D:\my\Future\QIT-CEMC Dataset\Vibration and sound data\02-16-01.csv,D:\my\Future\QIT-CEMC Dataset\Image\39\side-1.png,39/side-1.png,0.1255,1,0.1149,0.04639999999999999,True,True,True,True,8,
cycle_39_side_2,cycle_39,39,side,2,D:\my\Future\QIT-CEMC Dataset\Force and torque data\02-16-01.txt,D:\my\Future\QIT-CEMC Dataset\Vibration and sound data\02-16-01.csv,D:\my\Future\QIT-CEMC Dataset\Image\39\side-2.png,39/side-2.png,0.148,1,0.1318,0.2764,True,True,True,True,8,
cycle_39_side_3,cycle_39,39,side,3,D:\my\Future\QIT-CEMC Dataset\Force and torque data\02-16-01.txt,D:\my\Future\QIT-CEMC Dataset\Vibration and sound data\02-16-01.csv,D:\my\Future\QIT-CEMC Dataset\Image\39\side-3.png,39/side-3.png,0.1672,1,0.1556,0.034999999999999996,True,True,True,True,8,
cycle_39_side_4,cycle_39,39,side,4,D:\my\Future\QIT-CEMC Dataset\Force and torque data\02-16-01.txt,D:\my\Future\QIT-CEMC Dataset\Vibration and sound data\02-16-01.csv,D:\my\Future\QIT-CEMC Dataset\Image\39\side-4.png,39/side-4.png,0.1493,1,0.1253,0.030099999999999995,True,True,True,True,8,
cycle_40_side_1,cycle_40,40,side,1,D:\my\Future\QIT-CEMC Dataset\Force and torque data\02-16-02.txt,D:\my\Future\QIT-CEMC Dataset\Vibration and sound data\02-16-02.csv,D:\my\Future\QIT-CEMC Dataset\Image\40\side-1.png,40/side-1.png,0.1592,1,0.1671,0.05229999999999999,True,True,True,True,8,
cycle_40_side_2,cycle_40,40,side,2,D:\my\Future\QIT-CEMC Dataset\Force and torque data\02-16-02.txt,D:\my\Future\QIT-CEMC Dataset\Vibration and sound data\02-16-02.csv,D:\my\Future\QIT-CEMC Dataset\Image\40\side-2.png,40/side-2.png,0.1855,1,0.2507,0.3331,True,True,True,True,8,
cycle_40_side_3,cycle_40,40,side,3,D:\my\Future\QIT-CEMC Dataset\Force and torque data\02-16-02.txt,D:\my\Future\QIT-CEMC Dataset\Vibration and sound data\02-16-02.csv,D:\my\Future\QIT-CEMC Dataset\Image\40\side-3.png,40/side-3.png,0.1621,1,0.1374,0.0482,True,True,True,True,8,
cycle_40_side_4,cycle_40,40,side,4,D:\my\Future\QIT-CEMC Dataset\Force and torque data\02-16-02.txt,D:\my\Future\QIT-CEMC Dataset\Vibration and sound data\02-16-02.csv,D:\my\Future\QIT-CEMC Dataset\Image\40\side-4.png,40/side-4.png,0.1552,1,0.1493,0.050300000000000004,True,True,True,True,8,
cycle_41_side_1,cycle_41,41,side,1,D:\my\Future\QIT-CEMC Dataset\Force and torque data\02-16-03.txt,D:\my\Future\QIT-CEMC Dataset\Vibration and sound data\02-16-03.csv,D:\my\Future\QIT-CEMC Dataset\Image\41\side-1.png,41/side-1.png,0.2388,2,0.2149,0.0701,True,True,True,True,8,
cycle_41_side_2,cycle_41,41,side,2,D:\my\Future\QIT-CEMC Dataset\Force and torque data\02-16-03.txt,D:\my\Future\QIT-CEMC Dataset\Vibration and sound data\02-16-03.csv,D:\my\Future\QIT-CEMC Dataset\Image\41\side-2.png,41/side-2.png,0.3165,3,0.3282,0.3811,True,True,True,True,8,
cycle_41_side_3,cycle_41,41,side,3,D:\my\Future\QIT-CEMC Dataset\Force and torque data\02-16-03.txt,D:\my\Future\QIT-CEMC Dataset\Vibration and sound data\02-16-03.csv,D:\my\Future\QIT-CEMC Dataset\Image\41\side-3.png,41/side-3.png,0.2986,2,0.2761,0.0801,True,True,True,True,8,
cycle_41_side_4,cycle_41,41,side,4,D:\my\Future\QIT-CEMC Dataset\Force and torque data\02-16-03.txt,D:\my\Future\QIT-CEMC Dataset\Vibration and sound data\02-16-03.csv,D:\my\Future\QIT-CEMC Dataset\Image\41\side-4.png,41/side-4.png,0.2572,2,0.233,0.08459999999999998,True,True,True,True,8,
cycle_42_side_1,cycle_42,42,side,1,D:\my\Future\QIT-CEMC Dataset\Force and torque data\02-16-04.txt,D:\my\Future\QIT-CEMC Dataset\Vibration and sound data\02-16-04.csv,D:\my\Future\QIT-CEMC Dataset\Image\42\side-1.png,42/side-1.png,0.1671,1,0.1616,0.0517,True,True,True,True,8,
cycle_42_side_2,cycle_42,42,side,2,D:\my\Future\QIT-CEMC Dataset\Force and torque data\02-16-04.txt,D:\my\Future\QIT-CEMC Dataset\Vibration and sound data\02-16-04.csv,D:\my\Future\QIT-CEMC Dataset\Image\42\side-2.png,42/side-2.png,0.3581,3,0.3103,0.3001,True,True,True,True,8,
cycle_42_side_3,cycle_42,42,side,3,D:\my\Future\QIT-CEMC Dataset\Force and torque data\02-16-04.txt,D:\my\Future\QIT-CEMC Dataset\Vibration and sound data\02-16-04.csv,D:\my\Future\QIT-CEMC Dataset\Image\42\side-3.png,42/side-3.png,0.233,2,0.2156,0.0564,True,True,True,True,8,
cycle_42_side_4,cycle_42,42,side,4,D:\my\Future\QIT-CEMC Dataset\Force and torque data\02-16-04.txt,D:\my\Future\QIT-CEMC Dataset\Vibration and sound data\02-16-04.csv,D:\my\Future\QIT-CEMC Dataset\Image\42\side-4.png,42/side-4.png,0.2037,2,0.197,0.055,True,True,True,True,8,
cycle_43_side_1,cycle_43,43,side,1,D:\my\Future\QIT-CEMC Dataset\Force and torque data\02-17-01.txt,D:\my\Future\QIT-CEMC Dataset\Vibration and sound data\02-17-01.csv,D:\my\Future\QIT-CEMC Dataset\Image\43\side-1.png,43/side-1.png,0.1313,1,0.1134,0.07699999999999999,True,True,True,True,8,
cycle_43_side_2,cycle_43,43,side,2,D:\my\Future\QIT-CEMC Dataset\Force and torque data\02-17-01.txt,D:\my\Future\QIT-CEMC Dataset\Vibration and sound data\02-17-01.csv,D:\my\Future\QIT-CEMC Dataset\Image\43\side-2.png,43/side-2.png,0.364,3,0.3347,0.3186,True,True,True,True,8,
cycle_43_side_3,cycle_43,43,side,3,D:\my\Future\QIT-CEMC Dataset\Force and torque data\02-17-01.txt,D:\my\Future\QIT-CEMC Dataset\Vibration and sound data\02-17-01.csv,D:\my\Future\QIT-CEMC Dataset\Image\43\side-3.png,43/side-3.png,0.3522,3,0.3223,0.06870000000000001,True,True,True,True,8,
cycle_43_side_4,cycle_43,43,side,4,D:\my\Future\QIT-CEMC Dataset\Force and torque data\02-17-01.txt,D:\my\Future\QIT-CEMC Dataset\Vibration and sound data\02-17-01.csv,D:\my\Future\QIT-CEMC Dataset\Image\43\side-4.png,43/side-4.png,0.2043,2,0.1918,0.07719999999999999,True,True,True,True,8,
cycle_44_side_1,cycle_44,44,side,1,D:\my\Future\QIT-CEMC Dataset\Force and torque data\02-17-02.txt,D:\my\Future\QIT-CEMC Dataset\Vibration and sound data\02-17-02.csv,D:\my\Future\QIT-CEMC Dataset\Image\44\side-1.png,44/side-1.png,0.2211,2,0.1977,0.039299999999999995,True,True,True,True,8,
cycle_44_side_2,cycle_44,44,side,2,D:\my\Future\QIT-CEMC Dataset\Force and torque data\02-17-02.txt,D:\my\Future\QIT-CEMC Dataset\Vibration and sound data\02-17-02.csv,D:\my\Future\QIT-CEMC Dataset\Image\44\side-2.png,44/side-2.png,0.245,2,0.2208,0.2973,True,True,True,True,8,
cycle_44_side_3,cycle_44,44,side,3,D:\my\Future\QIT-CEMC Dataset\Force and torque data\02-17-02.txt,D:\my\Future\QIT-CEMC Dataset\Vibration and sound data\02-17-02.csv,D:\my\Future\QIT-CEMC Dataset\Image\44\side-3.png,44/side-3.png,0.2686,2,0.2326,0.1036,True,True,True,True,8,
cycle_44_side_4,cycle_44,44,side,4,D:\my\Future\QIT-CEMC Dataset\Force and torque data\02-17-02.txt,D:\my\Future\QIT-CEMC Dataset\Vibration and sound data\02-17-02.csv,D:\my\Future\QIT-CEMC Dataset\Image\44\side-4.png,44/side-4.png,0.1552,1,0.1432,0.06989999999999999,True,True,True,True,8,
cycle_45_side_1,cycle_45,45,side,1,D:\my\Future\QIT-CEMC Dataset\Force and torque data\02-17-03.txt,D:\my\Future\QIT-CEMC Dataset\Vibration and sound data\02-17-03.csv,D:\my\Future\QIT-CEMC Dataset\Image\45\side-1.png,45/side-1.png,0.3223,3,0.2985,0.0988,True,True,True,True,8,
cycle_45_side_2,cycle_45,45,side,2,D:\my\Future\QIT-CEMC Dataset\Force and torque data\02-17-03.txt,D:\my\Future\QIT-CEMC Dataset\Vibration and sound data\02-17-03.csv,D:\my\Future\QIT-CEMC Dataset\Image\45\side-2.png,45/side-2.png,0.3343,3,0.3225,0.3356,True,True,True,True,8,
cycle_45_side_3,cycle_45,45,side,3,D:\my\Future\QIT-CEMC Dataset\Force and torque data\02-17-03.txt,D:\my\Future\QIT-CEMC Dataset\Vibration and sound data\02-17-03.csv,D:\my\Future\QIT-CEMC Dataset\Image\45\side-3.png,45/side-3.png,0.2209,2,0.2149,0.11610000000000001,True,True,True,True,8,
cycle_45_side_4,cycle_45,45,side,4,D:\my\Future\QIT-CEMC Dataset\Force and torque data\02-17-03.txt,D:\my\Future\QIT-CEMC Dataset\Vibration and sound data\02-17-03.csv,D:\my\Future\QIT-CEMC Dataset\Image\45\side-4.png,45/side-4.png,0.2029,2,0.191,0.056,True,True,True,True,8,
cycle_46_side_1,cycle_46,46,side,1,D:\my\Future\QIT-CEMC Dataset\Force and torque data\02-18-01.txt,D:\my\Future\QIT-CEMC Dataset\Vibration and sound data\02-18-01.csv,D:\my\Future\QIT-CEMC Dataset\Image\46\side-1.png,46/side-1.png,0.179,1,0.1675,0.0663,True,True,True,True,8,
cycle_46_side_2,cycle_46,46,side,2,D:\my\Future\QIT-CEMC Dataset\Force and torque data\02-18-01.txt,D:\my\Future\QIT-CEMC Dataset\Vibration and sound data\02-18-01.csv,D:\my\Future\QIT-CEMC Dataset\Image\46\side-2.png,46/side-2.png,0.3492,3,0.1791,0.3568,True,True,True,True,8,
cycle_46_side_3,cycle_46,46,side,3,D:\my\Future\QIT-CEMC Dataset\Force and torque data\02-18-01.txt,D:\my\Future\QIT-CEMC Dataset\Vibration and sound data\02-18-01.csv,D:\my\Future\QIT-CEMC Dataset\Image\46\side-3.png,46/side-3.png,0.2925,2,0.2567,0.09890000000000002,True,True,True,True,8,
cycle_46_side_4,cycle_46,46,side,4,D:\my\Future\QIT-CEMC Dataset\Force and torque data\02-18-01.txt,D:\my\Future\QIT-CEMC Dataset\Vibration and sound data\02-18-01.csv,D:\my\Future\QIT-CEMC Dataset\Image\46\side-4.png,46/side-4.png,0.2806,2,0.226,0.0613,True,True,True,True,8,
cycle_47_side_1,cycle_47,47,side,1,D:\my\Future\QIT-CEMC Dataset\Force and torque data\02-18-02.txt,D:\my\Future\QIT-CEMC Dataset\Vibration and sound data\02-18-02.csv,D:\my\Future\QIT-CEMC Dataset\Image\47\side-1.png,47/side-1.png,0.1314,1,0.1189,0.0351,True,True,True,True,8,
cycle_47_side_2,cycle_47,47,side,2,D:\my\Future\QIT-CEMC Dataset\Force and torque data\02-18-02.txt,D:\my\Future\QIT-CEMC Dataset\Vibration and sound data\02-18-02.csv,D:\my\Future\QIT-CEMC Dataset\Image\47\side-2.png,47/side-2.png,0.2746,2,0.2211,0.2872,True,True,True,True,8,
cycle_47_side_3,cycle_47,47,side,3,D:\my\Future\QIT-CEMC Dataset\Force and torque data\02-18-02.txt,D:\my\Future\QIT-CEMC Dataset\Vibration and sound data\02-18-02.csv,D:\my\Future\QIT-CEMC Dataset\Image\47\side-3.png,47/side-3.png,0.3168,3,0.2627,0.0852,True,True,True,True,8,
cycle_47_side_4,cycle_47,47,side,4,D:\my\Future\QIT-CEMC Dataset\Force and torque data\02-18-02.txt,D:\my\Future\QIT-CEMC Dataset\Vibration and sound data\02-18-02.csv,D:\my\Future\QIT-CEMC Dataset\Image\47\side-4.png,47/side-4.png,0.2029,2,0.1947,0.07319999999999999,True,True,True,True,8,
cycle_48_side_1,cycle_48,48,side,1,D:\my\Future\QIT-CEMC Dataset\Force and torque data\02-18-03.txt,D:\my\Future\QIT-CEMC Dataset\Vibration and sound data\02-18-03.csv,D:\my\Future\QIT-CEMC Dataset\Image\48\side-1.png,48/side-1.png,0.2805,2,0.2328,0.0701,True,True,True,True,8,
cycle_48_side_2,cycle_48,48,side,2,D:\my\Future\QIT-CEMC Dataset\Force and torque data\02-18-03.txt,D:\my\Future\QIT-CEMC Dataset\Vibration and sound data\02-18-03.csv,D:\my\Future\QIT-CEMC Dataset\Image\48\side-2.png,48/side-2.png,0.2149,2,0.1314,0.3776,True,True,True,True,8,
cycle_48_side_3,cycle_48,48,side,3,D:\my\Future\QIT-CEMC Dataset\Force and torque data\02-18-03.txt,D:\my\Future\QIT-CEMC Dataset\Vibration and sound data\02-18-03.csv,D:\my\Future\QIT-CEMC Dataset\Image\48\side-3.png,48/side-3.png,0.2328,2,0.1851,0.061500000000000006,True,True,True,True,8,
cycle_48_side_4,cycle_48,48,side,4,D:\my\Future\QIT-CEMC Dataset\Force and torque data\02-18-03.txt,D:\my\Future\QIT-CEMC Dataset\Vibration and sound data\02-18-03.csv,D:\my\Future\QIT-CEMC Dataset\Image\48\side-4.png,48/side-4.png,0.1194,1,0.1016,0.0603,True,True,True,True,8,
cycle_49_side_1,cycle_49,49,side,1,D:\my\Future\QIT-CEMC Dataset\Force and torque data\02-18-04.txt,D:\my\Future\QIT-CEMC Dataset\Vibration and sound data\02-18-04.csv,D:\my\Future\QIT-CEMC Dataset\Image\49\side-1.png,49/side-1.png,0.2033,2,0.1818,0.0854,True,True,True,True,8,
cycle_49_side_2,cycle_49,49,side,2,D:\my\Future\QIT-CEMC Dataset\Force and torque data\02-18-04.txt,D:\my\Future\QIT-CEMC Dataset\Vibration and sound data\02-18-04.csv,D:\my\Future\QIT-CEMC Dataset\Image\49\side-2.png,49/side-2.png,0.2865,2,0.2748,0.42,True,True,True,True,8,
cycle_49_side_3,cycle_49,49,side,3,D:\my\Future\QIT-CEMC Dataset\Force and torque data\02-18-04.txt,D:\my\Future\QIT-CEMC Dataset\Vibration and sound data\02-18-04.csv,D:\my\Future\QIT-CEMC Dataset\Image\49\side-3.png,49/side-3.png,0.179,1,0.1553,0.07,True,True,True,True,8,
cycle_49_side_4,cycle_49,49,side,4,D:\my\Future\QIT-CEMC Dataset\Force and torque data\02-18-04.txt,D:\my\Future\QIT-CEMC Dataset\Vibration and sound data\02-18-04.csv,D:\my\Future\QIT-CEMC Dataset\Image\49\side-4.png,49/side-4.png,0.2269,2,0.191,0.10619999999999999,True,True,True,True,8,
cycle_50_side_1,cycle_50,50,side,1,D:\my\Future\QIT-CEMC Dataset\Force and torque data\02-19-01.txt,D:\my\Future\QIT-CEMC Dataset\Vibration and sound data\02-19-01.csv,D:\my\Future\QIT-CEMC Dataset\Image\50\side-1.png,50/side-1.png,0.2328,2,0.1973,0.06570000000000001,True,True,True,True,8,
cycle_50_side_2,cycle_50,50,side,2,D:\my\Future\QIT-CEMC Dataset\Force and torque data\02-19-01.txt,D:\my\Future\QIT-CEMC Dataset\Vibration and sound data\02-19-01.csv,D:\my\Future\QIT-CEMC Dataset\Image\50\side-2.png,50/side-2.png,0.3282,3,0.1969,0.4758,True,True,True,True,8,
cycle_50_side_3,cycle_50,50,side,3,D:\my\Future\QIT-CEMC Dataset\Force and torque data\02-19-01.txt,D:\my\Future\QIT-CEMC Dataset\Vibration and sound data\02-19-01.csv,D:\my\Future\QIT-CEMC Dataset\Image\50\side-3.png,50/side-3.png,0.2208,2,0.185,0.07769999999999999,True,True,True,True,8,
cycle_50_side_4,cycle_50,50,side,4,D:\my\Future\QIT-CEMC Dataset\Force and torque data\02-19-01.txt,D:\my\Future\QIT-CEMC Dataset\Vibration and sound data\02-19-01.csv,D:\my\Future\QIT-CEMC Dataset\Image\50\side-4.png,50/side-4.png,0.1434,1,0.1255,0.0628,True,True,True,True,8,
cycle_51_side_1,cycle_51,51,side,1,D:\my\Future\QIT-CEMC Dataset\Force and torque data\02-19-02.txt,D:\my\Future\QIT-CEMC Dataset\Vibration and sound data\02-19-02.csv,D:\my\Future\QIT-CEMC Dataset\Image\51\side-1.png,51/side-1.png,0.1621,1,0.1374,0.06420000000000001,True,True,True,True,8,
cycle_51_side_2,cycle_51,51,side,2,D:\my\Future\QIT-CEMC Dataset\Force and torque data\02-19-02.txt,D:\my\Future\QIT-CEMC Dataset\Vibration and sound data\02-19-02.csv,D:\my\Future\QIT-CEMC Dataset\Image\51\side-2.png,51/side-2.png,0.2986,2,0.2808,0.3547,True,True,True,True,8,
cycle_51_side_3,cycle_51,51,side,3,D:\my\Future\QIT-CEMC Dataset\Force and torque data\02-19-02.txt,D:\my\Future\QIT-CEMC Dataset\Vibration and sound data\02-19-02.csv,D:\my\Future\QIT-CEMC Dataset\Image\51\side-3.png,51/side-3.png,0.2745,2,0.2453,0.1403,True,True,True,True,8,
cycle_51_side_4,cycle_51,51,side,4,D:\my\Future\QIT-CEMC Dataset\Force and torque data\02-19-02.txt,D:\my\Future\QIT-CEMC Dataset\Vibration and sound data\02-19-02.csv,D:\my\Future\QIT-CEMC Dataset\Image\51\side-4.png,51/side-4.png,0.1735,1,0.1434,0.0696,True,True,True,True,8,
cycle_52_side_1,cycle_52,52,side,1,D:\my\Future\QIT-CEMC Dataset\Force and torque data\02-19-03.txt,D:\my\Future\QIT-CEMC Dataset\Vibration and sound data\02-19-03.csv,D:\my\Future\QIT-CEMC Dataset\Image\52\side-1.png,52/side-1.png,0.1556,1,0.1318,0.04359999999999999,True,True,True,True,8,
cycle_52_side_2,cycle_52,52,side,2,D:\my\Future\QIT-CEMC Dataset\Force and torque data\02-19-03.txt,D:\my\Future\QIT-CEMC Dataset\Vibration and sound data\02-19-03.csv,D:\my\Future\QIT-CEMC Dataset\Image\52\side-2.png,52/side-2.png,0.2447,2,0.2271,0.3513,True,True,True,True,8,
cycle_52_side_3,cycle_52,52,side,3,D:\my\Future\QIT-CEMC Dataset\Force and torque data\02-19-03.txt,D:\my\Future\QIT-CEMC Dataset\Vibration and sound data\02-19-03.csv,D:\my\Future\QIT-CEMC Dataset\Image\52\side-3.png,52/side-3.png,0.2092,2,0.1747,0.0578,True,True,True,True,8,
cycle_52_side_4,cycle_52,52,side,4,D:\my\Future\QIT-CEMC Dataset\Force and torque data\02-19-03.txt,D:\my\Future\QIT-CEMC Dataset\Vibration and sound data\02-19-03.csv,D:\my\Future\QIT-CEMC Dataset\Image\52\side-4.png,52/side-4.png,0.2268,2,0.185,0.06919999999999998,True,True,True,True,8,
cycle_53_side_1,cycle_53,53,side,1,D:\my\Future\QIT-CEMC Dataset\Force and torque data\02-20-01.txt,D:\my\Future\QIT-CEMC Dataset\Vibration and sound data\02-20-01.csv,D:\my\Future\QIT-CEMC Dataset\Image\53\side-1.png,53/side-1.png,0.345,3,0.2328,0.0887,True,True,True,True,8,
cycle_53_side_2,cycle_53,53,side,2,D:\my\Future\QIT-CEMC Dataset\Force and torque data\02-20-01.txt,D:\my\Future\QIT-CEMC Dataset\Vibration and sound data\02-20-01.csv,D:\my\Future\QIT-CEMC Dataset\Image\53\side-2.png,53/side-2.png,0.3109,3,0.1374,0.3039,True,True,True,True,8,
cycle_53_side_3,cycle_53,53,side,3,D:\my\Future\QIT-CEMC Dataset\Force and torque data\02-20-01.txt,D:\my\Future\QIT-CEMC Dataset\Vibration and sound data\02-20-01.csv,D:\my\Future\QIT-CEMC Dataset\Image\53\side-3.png,53/side-3.png,0.376,3,0.2985,0.0802,True,True,True,True,8,
cycle_53_side_4,cycle_53,53,side,4,D:\my\Future\QIT-CEMC Dataset\Force and torque data\02-20-01.txt,D:\my\Future\QIT-CEMC Dataset\Vibration and sound data\02-20-01.csv,D:\my\Future\QIT-CEMC Dataset\Image\53\side-4.png,53/side-4.png,0.2507,2,0.1794,0.052899999999999996,True,True,True,True,8,
cycle_54_side_1,cycle_54,54,side,1,D:\my\Future\QIT-CEMC Dataset\Force and torque data\02-20-02.txt,D:\my\Future\QIT-CEMC Dataset\Vibration and sound data\02-20-02.xlsx,D:\my\Future\QIT-CEMC Dataset\Image\54\side-1.png,54/side-1.png,0.2999,2,0.2865,0.0608,True,True,True,True,8,
cycle_54_side_2,cycle_54,54,side,2,D:\my\Future\QIT-CEMC Dataset\Force and torque data\02-20-02.txt,D:\my\Future\QIT-CEMC Dataset\Vibration and sound data\02-20-02.xlsx,D:\my\Future\QIT-CEMC Dataset\Image\54\side-2.png,54/side-2.png,0.3402,3,0.2092,0.26539999999999997,True,True,True,True,8,
cycle_54_side_3,cycle_54,54,side,3,D:\my\Future\QIT-CEMC Dataset\Force and torque data\02-20-02.txt,D:\my\Future\QIT-CEMC Dataset\Vibration and sound data\02-20-02.xlsx,D:\my\Future\QIT-CEMC Dataset\Image\54\side-3.png,54/side-3.png,0.4148,3,0.3104,0.08750000000000002,True,True,True,True,8,
cycle_54_side_4,cycle_54,54,side,4,D:\my\Future\QIT-CEMC Dataset\Force and torque data\02-20-02.txt,D:\my\Future\QIT-CEMC Dataset\Vibration and sound data\02-20-02.xlsx,D:\my\Future\QIT-CEMC Dataset\Image\54\side-4.png,54/side-4.png,0.2211,2,0.1911,0.09670000000000001,True,True,True,True,8,
cycle_55_side_1,cycle_55,55,side,1,D:\my\Future\QIT-CEMC Dataset\Force and torque data\02-20-03.txt,D:\my\Future\QIT-CEMC Dataset\Vibration and sound data\02-20-03.csv,D:\my\Future\QIT-CEMC Dataset\Image\55\side-1.png,55/side-1.png,0.0982,0,0.0719,0.04349999999999999,True,True,True,True,8,
cycle_55_side_2,cycle_55,55,side,2,D:\my\Future\QIT-CEMC Dataset\Force and torque data\02-20-03.txt,D:\my\Future\QIT-CEMC Dataset\Vibration and sound data\02-20-03.csv,D:\my\Future\QIT-CEMC Dataset\Image\55\side-2.png,55/side-2.png,0.4099,3,0.3702,0.48329999999999995,True,True,True,True,8,
cycle_55_side_3,cycle_55,55,side,3,D:\my\Future\QIT-CEMC Dataset\Force and torque data\02-20-03.txt,D:\my\Future\QIT-CEMC Dataset\Vibration and sound data\02-20-03.csv,D:\my\Future\QIT-CEMC Dataset\Image\55\side-3.png,55/side-3.png,0.1893,1,0.1556,0.0415,True,True,True,True,8,
cycle_55_side_4,cycle_55,55,side,4,D:\my\Future\QIT-CEMC Dataset\Force and torque data\02-20-03.txt,D:\my\Future\QIT-CEMC Dataset\Vibration and sound data\02-20-03.csv,D:\my\Future\QIT-CEMC Dataset\Image\55\side-4.png,55/side-4.png,0.2566,2,0.2448,0.19590000000000002,True,True,True,True,8,
cycle_56_side_1,cycle_56,56,side,1,D:\my\Future\QIT-CEMC Dataset\Force and torque data\02-20-04.txt,D:\my\Future\QIT-CEMC Dataset\Vibration and sound data\02-20-04.csv,D:\my\Future\QIT-CEMC Dataset\Image\56\side-1.png,56/side-1.png,0.2806,2,0.2268,0.0862,True,True,True,True,8,
cycle_56_side_2,cycle_56,56,side,2,D:\my\Future\QIT-CEMC Dataset\Force and torque data\02-20-04.txt,D:\my\Future\QIT-CEMC Dataset\Vibration and sound data\02-20-04.csv,D:\my\Future\QIT-CEMC Dataset\Image\56\side-2.png,56/side-2.png,0.3701,3,0.3223,0.5034,True,True,True,True,8,
cycle_56_side_3,cycle_56,56,side,3,D:\my\Future\QIT-CEMC Dataset\Force and torque data\02-20-04.txt,D:\my\Future\QIT-CEMC Dataset\Vibration and sound data\02-20-04.csv,D:\my\Future\QIT-CEMC Dataset\Image\56\side-3.png,56/side-3.png,0.3048,3,0.2686,0.16990000000000002,True,True,True,True,8,
cycle_56_side_4,cycle_56,56,side,4,D:\my\Future\QIT-CEMC Dataset\Force and torque data\02-20-04.txt,D:\my\Future\QIT-CEMC Dataset\Vibration and sound data\02-20-04.csv,D:\my\Future\QIT-CEMC Dataset\Image\56\side-4.png,56/side-4.png,0.2152,2,0.197,0.17679999999999998,True,True,True,True,8,
cycle_57_side_1,cycle_57,57,side,1,D:\my\Future\QIT-CEMC Dataset\Force and torque data\02-20-05.txt,D:\my\Future\QIT-CEMC Dataset\Vibration and sound data\02-20-05.csv,D:\my\Future\QIT-CEMC Dataset\Image\57\side-1.png,57/side-1.png,0.3046,3,0.1553,0.1959,True,True,True,True,8,
cycle_57_side_2,cycle_57,57,side,2,D:\my\Future\QIT-CEMC Dataset\Force and torque data\02-20-05.txt,D:\my\Future\QIT-CEMC Dataset\Vibration and sound data\02-20-05.csv,D:\my\Future\QIT-CEMC Dataset\Image\57\side-2.png,57/side-2.png,0.4198,3,0.376,0.5488,True,True,True,True,8,
cycle_57_side_3,cycle_57,57,side,3,D:\my\Future\QIT-CEMC Dataset\Force and torque data\02-20-05.txt,D:\my\Future\QIT-CEMC Dataset\Vibration and sound data\02-20-05.csv,D:\my\Future\QIT-CEMC Dataset\Image\57\side-3.png,57/side-3.png,0.2387,2,0.2271,0.17220000000000002,True,True,True,True,8,
cycle_57_side_4,cycle_57,57,side,4,D:\my\Future\QIT-CEMC Dataset\Force and torque data\02-20-05.txt,D:\my\Future\QIT-CEMC Dataset\Vibration and sound data\02-20-05.csv,D:\my\Future\QIT-CEMC Dataset\Image\57\side-4.png,57/side-4.png,0.2984,2,0.179,0.21489999999999998,True,True,True,True,8,
cycle_58_side_1,cycle_58,58,side,1,D:\my\Future\QIT-CEMC Dataset\Force and torque data\02-21-01.txt,D:\my\Future\QIT-CEMC Dataset\Vibration and sound data\02-21-01.csv,D:\my\Future\QIT-CEMC Dataset\Image\58\side-1.png,58/side-1.png,0.2924,2,0.2148,0.1762,True,True,True,True,8,
cycle_58_side_2,cycle_58,58,side,2,D:\my\Future\QIT-CEMC Dataset\Force and torque data\02-21-01.txt,D:\my\Future\QIT-CEMC Dataset\Vibration and sound data\02-21-01.csv,D:\my\Future\QIT-CEMC Dataset\Image\58\side-2.png,58/side-2.png,0.3223,3,0.2746,0.5693,True,True,True,True,8,
cycle_58_side_3,cycle_58,58,side,3,D:\my\Future\QIT-CEMC Dataset\Force and torque data\02-21-01.txt,D:\my\Future\QIT-CEMC Dataset\Vibration and sound data\02-21-01.csv,D:\my\Future\QIT-CEMC Dataset\Image\58\side-3.png,58/side-3.png,0.3465,3,0.2746,0.27149999999999996,True,True,True,True,8,
cycle_58_side_4,cycle_58,58,side,4,D:\my\Future\QIT-CEMC Dataset\Force and torque data\02-21-01.txt,D:\my\Future\QIT-CEMC Dataset\Vibration and sound data\02-21-01.csv,D:\my\Future\QIT-CEMC Dataset\Image\58\side-4.png,58/side-4.png,0.2271,2,0.1378,0.1802,True,True,True,True,8,
cycle_59_side_1,cycle_59,59,side,1,D:\my\Future\QIT-CEMC Dataset\Force and torque data\02-21-02.txt,D:\my\Future\QIT-CEMC Dataset\Vibration and sound data\02-21-02.csv,D:\my\Future\QIT-CEMC Dataset\Image\59\side-1.png,59/side-1.png,0.2102,2,0.1191,0.0905,True,True,True,True,8,
cycle_59_side_2,cycle_59,59,side,2,D:\my\Future\QIT-CEMC Dataset\Force and torque data\02-21-02.txt,D:\my\Future\QIT-CEMC Dataset\Vibration and sound data\02-21-02.csv,D:\my\Future\QIT-CEMC Dataset\Image\59\side-2.png,59/side-2.png,0.4,3,0.3701,0.5033,True,True,True,True,8,
cycle_59_side_3,cycle_59,59,side,3,D:\my\Future\QIT-CEMC Dataset\Force and torque data\02-21-02.txt,D:\my\Future\QIT-CEMC Dataset\Vibration and sound data\02-21-02.csv,D:\my\Future\QIT-CEMC Dataset\Image\59\side-3.png,59/side-3.png,0.2761,2,0.185,0.28559999999999997,True,True,True,True,8,
cycle_59_side_4,cycle_59,59,side,4,D:\my\Future\QIT-CEMC Dataset\Force and torque data\02-21-02.txt,D:\my\Future\QIT-CEMC Dataset\Vibration and sound data\02-21-02.csv,D:\my\Future\QIT-CEMC Dataset\Image\59\side-4.png,59/side-4.png,0.2627,2,0.2268,0.1577,True,True,True,True,8,
cycle_60_side_1,cycle_60,60,side,1,D:\my\Future\QIT-CEMC Dataset\Force and torque data\02-21-03.txt,D:\my\Future\QIT-CEMC Dataset\Vibration and sound data\02-21-03.csv,D:\my\Future\QIT-CEMC Dataset\Image\60\side-1.png,60/side-1.png,0.2507,2,0.185,0.1243,True,True,True,True,8,
cycle_60_side_2,cycle_60,60,side,2,D:\my\Future\QIT-CEMC Dataset\Force and torque data\02-21-03.txt,D:\my\Future\QIT-CEMC Dataset\Vibration and sound data\02-21-03.csv,D:\my\Future\QIT-CEMC Dataset\Image\60\side-2.png,60/side-2.png,0.4187,3,0.2806,0.5184,True,True,True,True,8,
cycle_60_side_3,cycle_60,60,side,3,D:\my\Future\QIT-CEMC Dataset\Force and torque data\02-21-03.txt,D:\my\Future\QIT-CEMC Dataset\Vibration and sound data\02-21-03.csv,D:\my\Future\QIT-CEMC Dataset\Image\60\side-3.png,60/side-3.png,0.378,3,0.3223,0.3364,True,True,True,True,8,
cycle_60_side_4,cycle_60,60,side,4,D:\my\Future\QIT-CEMC Dataset\Force and torque data\02-21-03.txt,D:\my\Future\QIT-CEMC Dataset\Vibration and sound data\02-21-03.csv,D:\my\Future\QIT-CEMC Dataset\Image\60\side-4.png,60/side-4.png,0.2453,2,0.2152,0.1346,True,True,True,True,8,
cycle_61_side_1,cycle_61,61,side,1,D:\my\Future\QIT-CEMC Dataset\Force and torque data\02-22-01.txt,D:\my\Future\QIT-CEMC Dataset\Vibration and sound data\02-22-01.csv,D:\my\Future\QIT-CEMC Dataset\Image\61\side-1.png,61/side-1.png,0.3564,3,0.3521,0.24830000000000002,True,True,True,True,8,
cycle_61_side_2,cycle_61,61,side,2,D:\my\Future\QIT-CEMC Dataset\Force and torque data\02-22-01.txt,D:\my\Future\QIT-CEMC Dataset\Vibration and sound data\02-22-01.csv,D:\my\Future\QIT-CEMC Dataset\Image\61\side-2.png,61/side-2.png,0.4655,3,0.37,0.7111,True,True,True,True,8,
cycle_61_side_3,cycle_61,61,side,3,D:\my\Future\QIT-CEMC Dataset\Force and torque data\02-22-01.txt,D:\my\Future\QIT-CEMC Dataset\Vibration and sound data\02-22-01.csv,D:\my\Future\QIT-CEMC Dataset\Image\61\side-3.png,61/side-3.png,0.412,3,0.2387,0.3432,True,True,True,True,8,
cycle_61_side_4,cycle_61,61,side,4,D:\my\Future\QIT-CEMC Dataset\Force and torque data\02-22-01.txt,D:\my\Future\QIT-CEMC Dataset\Vibration and sound data\02-22-01.csv,D:\my\Future\QIT-CEMC Dataset\Image\61\side-4.png,61/side-4.png,0.382,3,0.3344,0.2735,True,True,True,True,8,
cycle_62_side_1,cycle_62,62,side,1,D:\my\Future\QIT-CEMC Dataset\Force and torque data\02-22-02.txt,D:\my\Future\QIT-CEMC Dataset\Vibration and sound data\02-22-02.csv,D:\my\Future\QIT-CEMC Dataset\Image\62\side-1.png,62/side-1.png,0.4837,3,0.3583,0.22760000000000002,True,True,True,True,8,
cycle_62_side_2,cycle_62,62,side,2,D:\my\Future\QIT-CEMC Dataset\Force and torque data\02-22-02.txt,D:\my\Future\QIT-CEMC Dataset\Vibration and sound data\02-22-02.csv,D:\my\Future\QIT-CEMC Dataset\Image\62\side-2.png,62/side-2.png,0.4655,3,0.2984,0.5421,True,True,True,True,8,
cycle_62_side_3,cycle_62,62,side,3,D:\my\Future\QIT-CEMC Dataset\Force and torque data\02-22-02.txt,D:\my\Future\QIT-CEMC Dataset\Vibration and sound data\02-22-02.csv,D:\my\Future\QIT-CEMC Dataset\Image\62\side-3.png,62/side-3.png,0.3523,3,0.2572,0.2034,True,True,True,True,8,
cycle_62_side_4,cycle_62,62,side,4,D:\my\Future\QIT-CEMC Dataset\Force and torque data\02-22-02.txt,D:\my\Future\QIT-CEMC Dataset\Vibration and sound data\02-22-02.csv,D:\my\Future\QIT-CEMC Dataset\Image\62\side-4.png,62/side-4.png,0.3406,3,0.3223,0.2012,True,True,True,True,8,
cycle_63_side_1,cycle_63,63,side,1,D:\my\Future\QIT-CEMC Dataset\Force and torque data\02-27-01.txt,D:\my\Future\QIT-CEMC Dataset\Vibration and sound data\02-27-01.csv,D:\my\Future\QIT-CEMC Dataset\Image\63\side-1.png,63/side-1.png,0.5213,3,0.5374,0.2756,True,True,True,True,8,
cycle_63_side_2,cycle_63,63,side,2,D:\my\Future\QIT-CEMC Dataset\Force and torque data\02-27-01.txt,D:\my\Future\QIT-CEMC Dataset\Vibration and sound data\02-27-01.csv,D:\my\Future\QIT-CEMC Dataset\Image\63\side-2.png,63/side-2.png,0.4123,3,0.2686,0.5957,True,True,True,True,8,
cycle_63_side_3,cycle_63,63,side,3,D:\my\Future\QIT-CEMC Dataset\Force and torque data\02-27-01.txt,D:\my\Future\QIT-CEMC Dataset\Vibration and sound data\02-27-01.csv,D:\my\Future\QIT-CEMC Dataset\Image\63\side-3.png,63/side-3.png,0.3836,3,0.2509,0.27709999999999996,True,True,True,True,8,
cycle_63_side_4,cycle_63,63,side,4,D:\my\Future\QIT-CEMC Dataset\Force and torque data\02-27-01.txt,D:\my\Future\QIT-CEMC Dataset\Vibration and sound data\02-27-01.csv,D:\my\Future\QIT-CEMC Dataset\Image\63\side-4.png,63/side-4.png,0.3625,3,0.203,0.3051,True,True,True,True,8,
cycle_64_side_1,cycle_64,64,side,1,D:\my\Future\QIT-CEMC Dataset\Force and torque data\02-27-02.txt,D:\my\Future\QIT-CEMC Dataset\Vibration and sound data\02-27-02.csv,D:\my\Future\QIT-CEMC Dataset\Image\64\side-1.png,64/side-1.png,0.6183,3,0.7221,0.2365,True,True,True,True,8,
cycle_64_side_2,cycle_64,64,side,2,D:\my\Future\QIT-CEMC Dataset\Force and torque data\02-27-02.txt,D:\my\Future\QIT-CEMC Dataset\Vibration and sound data\02-27-02.csv,D:\my\Future\QIT-CEMC Dataset\Image\64\side-2.png,64/side-2.png,0.5126,3,0.4834,0.5579999999999999,True,True,True,True,8,
cycle_64_side_3,cycle_64,64,side,3,D:\my\Future\QIT-CEMC Dataset\Force and torque data\02-27-02.txt,D:\my\Future\QIT-CEMC Dataset\Vibration and sound data\02-27-02.csv,D:\my\Future\QIT-CEMC Dataset\Image\64\side-3.png,64/side-3.png,0.3561,3,0.3223,0.3414,True,True,True,True,8,
cycle_64_side_4,cycle_64,64,side,4,D:\my\Future\QIT-CEMC Dataset\Force and torque data\02-27-02.txt,D:\my\Future\QIT-CEMC Dataset\Vibration and sound data\02-27-02.csv,D:\my\Future\QIT-CEMC Dataset\Image\64\side-4.png,64/side-4.png,0.312,3,0.2686,0.335,True,True,True,True,8,
cycle_65_side_1,cycle_65,65,side,1,D:\my\Future\QIT-CEMC Dataset\Force and torque data\03-02-01.txt,D:\my\Future\QIT-CEMC Dataset\Vibration and sound data\03-02-01.csv,D:\my\Future\QIT-CEMC Dataset\Image\65\side-1.png,65/side-1.png,0.6505,3,0.6566,0.3129,True,True,True,True,8,
cycle_65_side_2,cycle_65,65,side,2,D:\my\Future\QIT-CEMC Dataset\Force and torque data\03-02-01.txt,D:\my\Future\QIT-CEMC Dataset\Vibration and sound data\03-02-01.csv,D:\my\Future\QIT-CEMC Dataset\Image\65\side-2.png,65/side-2.png,0.3941,3,0.3999,0.3893,True,True,True,True,8,
cycle_65_side_3,cycle_65,65,side,3,D:\my\Future\QIT-CEMC Dataset\Force and torque data\03-02-01.txt,D:\my\Future\QIT-CEMC Dataset\Vibration and sound data\03-02-01.csv,D:\my\Future\QIT-CEMC Dataset\Image\65\side-3.png,65/side-3.png,0.3282,3,0.3347,0.21670000000000003,True,True,True,True,8,
cycle_65_side_4,cycle_65,65,side,4,D:\my\Future\QIT-CEMC Dataset\Force and torque data\03-02-01.txt,D:\my\Future\QIT-CEMC Dataset\Vibration and sound data\03-02-01.csv,D:\my\Future\QIT-CEMC Dataset\Image\65\side-4.png,65/side-4.png,0.4059,3,0.4118,0.2158,True,True,True,True,8,
cycle_66_side_1,cycle_66,66,side,1,D:\my\Future\QIT-CEMC Dataset\Force and torque data\03-02-02.txt,D:\my\Future\QIT-CEMC Dataset\Vibration and sound data\03-02-02.csv,D:\my\Future\QIT-CEMC Dataset\Image\66\side-1.png,66/side-1.png,0.6207,3,0.6505,0.1715,True,True,True,True,8,
cycle_66_side_2,cycle_66,66,side,2,D:\my\Future\QIT-CEMC Dataset\Force and torque data\03-02-02.txt,D:\my\Future\QIT-CEMC Dataset\Vibration and sound data\03-02-02.csv,D:\my\Future\QIT-CEMC Dataset\Image\66\side-2.png,66/side-2.png,0.2805,2,0.2808,0.3201,True,True,True,True,8,
cycle_66_side_3,cycle_66,66,side,3,D:\my\Future\QIT-CEMC Dataset\Force and torque data\03-02-02.txt,D:\my\Future\QIT-CEMC Dataset\Vibration and sound data\03-02-02.csv,D:\my\Future\QIT-CEMC Dataset\Image\66\side-3.png,66/side-3.png,0.3103,3,0.3103,0.12630000000000002,True,True,True,True,8,
cycle_66_side_4,cycle_66,66,side,4,D:\my\Future\QIT-CEMC Dataset\Force and torque data\03-02-02.txt,D:\my\Future\QIT-CEMC Dataset\Vibration and sound data\03-02-02.csv,D:\my\Future\QIT-CEMC Dataset\Image\66\side-4.png,66/side-4.png,0.3581,3,0.3282,0.1192,True,True,True,True,8,
cycle_67_side_1,cycle_67,67,side,1,D:\my\Future\QIT-CEMC Dataset\Force and torque data\03-04-01.txt,D:\my\Future\QIT-CEMC Dataset\Vibration and sound data\03-04-01.csv,D:\my\Future\QIT-CEMC Dataset\Image\67\side-1.png,67/side-1.png,0.5729,3,0.4894,0.21300000000000002,True,True,True,True,8,
cycle_67_side_2,cycle_67,67,side,2,D:\my\Future\QIT-CEMC Dataset\Force and torque data\03-04-01.txt,D:\my\Future\QIT-CEMC Dataset\Vibration and sound data\03-04-01.csv,D:\my\Future\QIT-CEMC Dataset\Image\67\side-2.png,67/side-2.png,0.3464,3,0.185,0.32939999999999997,True,True,True,True,8,
cycle_67_side_3,cycle_67,67,side,3,D:\my\Future\QIT-CEMC Dataset\Force and torque data\03-04-01.txt,D:\my\Future\QIT-CEMC Dataset\Vibration and sound data\03-04-01.csv,D:\my\Future\QIT-CEMC Dataset\Image\67\side-3.png,67/side-3.png,0.3228,3,0.2865,0.13720000000000002,True,True,True,True,8,
cycle_67_side_4,cycle_67,67,side,4,D:\my\Future\QIT-CEMC Dataset\Force and torque data\03-04-01.txt,D:\my\Future\QIT-CEMC Dataset\Vibration and sound data\03-04-01.csv,D:\my\Future\QIT-CEMC Dataset\Image\67\side-4.png,67/side-4.png,0.3044,3,0.2925,0.13649999999999998,True,True,True,True,8,
cycle_68_side_1,cycle_68,68,side,1,D:\my\Future\QIT-CEMC Dataset\Force and torque data\03-04-02.txt,D:\my\Future\QIT-CEMC Dataset\Vibration and sound data\03-04-02.csv,D:\my\Future\QIT-CEMC Dataset\Image\68\side-1.png,68/side-1.png,0.6983,3,0.5193,0.198,True,True,True,True,7,
cycle_68_side_2,cycle_68,68,side,2,D:\my\Future\QIT-CEMC Dataset\Force and torque data\03-04-02.txt,D:\my\Future\QIT-CEMC Dataset\Vibration and sound data\03-04-02.csv,D:\my\Future\QIT-CEMC Dataset\Image\68\side-2.png,68/side-2.png,0.3701,3,0.2745,0.5055,True,True,True,True,7,
cycle_68_side_3,cycle_68,68,side,3,D:\my\Future\QIT-CEMC Dataset\Force and torque data\03-04-02.txt,D:\my\Future\QIT-CEMC Dataset\Vibration and sound data\03-04-02.csv,D:\my\Future\QIT-CEMC Dataset\Image\68\side-3.png,68/side-3.png,0.3283,3,0.3163,0.185,True,True,True,True,7,
cycle_68_side_4,cycle_68,68,side,4,D:\my\Future\QIT-CEMC Dataset\Force and torque data\03-04-02.txt,D:\my\Future\QIT-CEMC Dataset\Vibration and sound data\03-04-02.csv,,68/side-4.png,0.3164,3,0.3402,0.1751,True,True,False,False,7,missing_image
